start_time,bat_landing_to_food_min,habit,rat_period_start,rat_period_end,min_after_rat_arrival,risk,reward,month,sunset_time,min_after_sunset,season,Date,chronology_check
2017-12-26 20:57:00,0.016666666666666666,Unknown,2017-12-26 20:53:00,2017-12-26 20:58:00,3.9833333333333334,0,0,0,2017-12-26 16:43:00,254.91666665999998,0,2017-12-26,True
2017-12-26 20:57:00,0.08333333333333333,Unknown,2017-12-26 20:53:00,2017-12-26 20:58:00,3.316666666666667,0,0,0,2017-12-26 16:43:00,254.25,0,2017-12-26,True
2017-12-26 21:24:00,0.05,fast,2017-12-26 21:22:00,2017-12-26 21:27:00,2.0166666666666666,0,1,0,2017-12-26 16:43:00,281.61666666,0,2017-12-26,True
2017-12-26 21:24:00,0.25,rat,2017-12-26 21:22:00,2017-12-26 21:27:00,1.4666666666666666,1,0,0,2017-12-26 16:43:00,281.06666664,0,2017-12-26,True
2017-12-26 21:24:00,0.1,pick,2017-12-26 21:22:00,2017-12-26 21:27:00,1.8833333333333333,0,1,0,2017-12-26 16:43:00,281.48333334,0,2017-12-26,True
2017-12-26 21:24:00,0.08333333333333333,pick,2017-12-26 21:22:00,2017-12-26 21:27:00,2.1333333333333333,0,1,0,2017-12-26 16:43:00,281.73333336,0,2017-12-26,True
2017-12-26 21:25:00,0.1,pick,2017-12-26 21:22:00,2017-12-26 21:27:00,2.55,0,1,0,2017-12-26 16:43:00,282.15,0,2017-12-26,True
2017-12-26 21:26:00,0.016666666666666666,bat fight,2017-12-26 21:22:00,2017-12-26 21:27:00,3.6,1,0,0,2017-12-26 16:43:00,283.2,0,2017-12-26,True
2017-12-26 21:26:00,0.16666666666666666,rat,2017-12-26 21:22:00,2017-12-26 21:27:00,3.466666666666667,1,0,0,2017-12-26 16:43:00,283.06666668,0,2017-12-26,True
2017-12-27 01:35:00,0.03333333333333333,Other,2017-12-27 01:34:00,2017-12-27 01:41:00,0.6166666666666667,1,0,0,2017-12-26 16:43:00,532.35,0,2017-12-27,True
2017-12-28 03:58:00,0.03333333333333333,fast,2017-12-28 03:56:00,2017-12-28 04:13:00,1.7833333333333334,0,1,0,2017-12-27 16:43:00,675.7666668,0,2017-12-28,True
2017-12-28 04:02:00,0.03333333333333333,fast,2017-12-28 03:56:00,2017-12-28 04:13:00,5.966666666666667,0,1,0,2017-12-27 16:43:00,679.9499999999999,0,2017-12-28,True
2017-12-28 04:11:00,0.016666666666666666,Unknown,2017-12-28 03:56:00,2017-12-28 04:13:00,14.2,0,0,0,2017-12-27 16:43:00,688.1833332,0,2017-12-28,True
2017-12-28 19:36:00,0.016666666666666666,fast,2017-12-28 19:35:00,2017-12-28 19:46:00,0.23333333333333334,0,1,0,2017-12-28 16:44:00,172.13333334,0,2017-12-28,True
2017-12-28 19:36:00,0.03333333333333333,rat,2017-12-28 19:35:00,2017-12-28 19:46:00,0.6666666666666666,1,0,0,2017-12-28 16:44:00,172.56666666,0,2017-12-28,True
2017-12-28 19:37:00,0.43333333333333335,rat,2017-12-28 19:35:00,2017-12-28 19:46:00,1.1333333333333333,1,0,0,2017-12-28 16:44:00,173.03333334,0,2017-12-28,True
2017-12-28 19:44:00,0.08333333333333333,Other,2017-12-28 19:35:00,2017-12-28 19:46:00,8.683333333333334,1,0,0,2017-12-28 16:44:00,180.58333332,0,2017-12-28,True
2017-12-28 19:45:00,0.25,pick and others,2017-12-28 19:35:00,2017-12-28 19:46:00,9.4,1,1,0,2017-12-28 16:44:00,181.30000002,0,2017-12-28,True
2017-12-28 19:46:00,0.4,rat,2017-12-28 19:35:00,2017-12-28 19:46:00,10.116666666666667,1,0,0,2017-12-28 16:44:00,182.01666666,0,2017-12-28,True
2017-12-30 18:37:00,0.26666666666666666,rat,2017-12-30 18:35:00,2017-12-30 18:38:00,1.8,1,0,0,2017-12-30 16:45:00,112.24999998,0,2017-12-30,True
2017-12-30 19:51:00,0.06666666666666667,fast,2017-12-30 19:50:00,2017-12-30 19:55:00,0.6833333333333333,0,1,0,2017-12-30 16:45:00,186.45,0,2017-12-30,True
2017-12-30 19:51:00,0.0012335933833333332,fast,2017-12-30 19:50:00,2017-12-30 19:55:00,0.2833333333333333,0,1,0,2017-12-30 16:45:00,186.04999998000002,0,2017-12-30,True
2017-12-30 19:52:00,0.16666666666666666,rat,2017-12-30 19:50:00,2017-12-30 19:55:00,1.85,1,0,0,2017-12-30 16:45:00,187.61666663999998,0,2017-12-30,True
2017-12-30 19:54:00,0.4,rat,2017-12-30 19:50:00,2017-12-30 19:55:00,3.5833333333333335,1,0,0,2017-12-30 16:45:00,189.34999998,0,2017-12-30,True
2017-12-30 19:54:00,0.25,rat,2017-12-30 19:50:00,2017-12-30 19:55:00,3.2333333333333334,1,0,0,2017-12-30 16:45:00,189.0,0,2017-12-30,True
2017-12-30 19:54:00,0.21666666666666667,rat,2017-12-30 19:50:00,2017-12-30 19:55:00,4.216666666666667,1,0,0,2017-12-30 16:45:00,189.98333334,0,2017-12-30,True
2018-01-01 01:52:00,0.03333333333333333,fast,2018-01-01 01:50:00,2018-01-01 01:55:00,1.9166666666666667,0,1,1,2017-12-31 16:46:00,546.49999998,0,2018-01-01,True
2018-01-10 04:12:00,0.016666666666666666,rat,2018-01-10 04:07:00,2018-01-10 04:15:00,5.1,1,0,1,2018-01-09 16:53:00,679.3333332,0,2018-01-10,True
2018-01-10 23:34:00,0.06666666666666667,Unknown,2018-01-10 23:32:00,2018-01-10 23:34:00,1.8833333333333333,0,0,1,2018-01-10 16:54:00,400.43333334,0,2018-01-10,True
2018-01-27 23:44:00,0.0008235069833333333,fast,2018-01-27 23:44:00,2018-01-27 23:50:00,0.2,0,1,1,2018-01-27 17:09:00,395.46666666,0,2018-01-27,True
2018-01-27 23:44:00,0.016666666666666666,fast,2018-01-27 23:44:00,2018-01-27 23:50:00,0.23333333333333334,0,1,1,2018-01-27 17:09:00,395.50000002,0,2018-01-27,True
2018-01-27 23:45:00,0.1,rat,2018-01-27 23:44:00,2018-01-27 23:50:00,0.8166666666666667,1,0,1,2018-01-27 17:09:00,396.08333333999997,0,2018-01-27,True
2018-01-27 23:45:00,0.05,fast,2018-01-27 23:44:00,2018-01-27 23:50:00,1.1333333333333333,0,1,1,2018-01-27 17:09:00,396.40000002,0,2018-01-27,True
2018-01-27 23:45:00,0.13333333333333333,rat,2018-01-27 23:44:00,2018-01-27 23:50:00,1.4,1,0,1,2018-01-27 17:09:00,396.66666666,0,2018-01-27,True
2018-01-27 23:46:00,0.06666666666666667,rat,2018-01-27 23:44:00,2018-01-27 23:50:00,2.033333333333333,1,0,1,2018-01-27 17:09:00,397.30000002,0,2018-01-27,True
2018-01-27 23:47:00,0.00017826164999999998,fast,2018-01-27 23:44:00,2018-01-27 23:50:00,3.1,0,1,1,2018-01-27 17:09:00,398.36666663999995,0,2018-01-27,True
2018-01-27 23:48:00,0.03333333333333333,fast,2018-01-27 23:44:00,2018-01-27 23:50:00,3.85,0,1,1,2018-01-27 17:09:00,399.11666664,0,2018-01-27,True
2018-01-27 23:48:00,0.15,pick,2018-01-27 23:44:00,2018-01-27 23:50:00,4.216666666666667,0,1,1,2018-01-27 17:09:00,399.48333336,0,2018-01-27,True
2018-01-27 23:48:00,0.016666666666666666,Other,2018-01-27 23:44:00,2018-01-27 23:50:00,4.1,0,0,1,2018-01-27 17:09:00,399.36666666,0,2018-01-27,True
2018-01-27 23:50:00,0.1,pick,2018-01-27 23:44:00,2018-01-27 23:50:00,5.916666666666667,0,1,1,2018-01-27 17:09:00,401.18333334,0,2018-01-27,True
2018-01-28 04:20:00,0.18333333333333332,pick,2018-01-28 04:08:00,2018-01-28 04:20:00,12.366666666666667,0,1,1,2018-01-27 17:09:00,671.85,0,2018-01-28,True
2018-01-28 19:56:00,0.016666666666666666,fast,2018-01-28 19:56:00,2018-01-28 20:10:00,0.15,0,1,1,2018-01-28 17:10:00,166.24999998,0,2018-01-28,True
2018-01-28 19:58:00,0.016666666666666666,rat,2018-01-28 19:56:00,2018-01-28 20:10:00,2.7,1,0,1,2018-01-28 17:10:00,168.79999998,0,2018-01-28,True
2018-01-28 20:03:00,0.016666666666666666,rat,2018-01-28 19:56:00,2018-01-28 20:10:00,7.6,1,0,1,2018-01-28 17:10:00,173.7,0,2018-01-28,True
2018-01-28 20:04:00,0.0005886531166666667,rat,2018-01-28 19:56:00,2018-01-28 20:10:00,8.8,1,0,1,2018-01-28 17:10:00,174.9,0,2018-01-28,True
2018-01-28 20:05:00,0.016666666666666666,fast,2018-01-28 19:56:00,2018-01-28 20:10:00,9.816666666666666,0,1,1,2018-01-28 17:10:00,175.91666664,0,2018-01-28,True
2018-01-28 20:05:00,0.016666666666666666,rat,2018-01-28 19:56:00,2018-01-28 20:10:00,9.716666666666667,1,0,1,2018-01-28 17:10:00,175.81666668000003,0,2018-01-28,True
2018-01-28 20:05:00,0.0005800511,fast,2018-01-28 19:56:00,2018-01-28 20:10:00,9.483333333333333,0,1,1,2018-01-28 17:10:00,175.58333334,0,2018-01-28,True
2018-01-28 20:05:00,0.11666666666666667,pick rat,2018-01-28 19:56:00,2018-01-28 20:10:00,9.083333333333334,1,1,1,2018-01-28 17:10:00,175.18333332,0,2018-01-28,True
2018-01-28 20:05:00,0.016666666666666666,rat,2018-01-28 19:56:00,2018-01-28 20:10:00,8.9,1,0,1,2018-01-28 17:10:00,175.00000002,0,2018-01-28,True
2018-01-28 20:05:00,0.016666666666666666,fast,2018-01-28 19:56:00,2018-01-28 20:10:00,9.183333333333334,0,1,1,2018-01-28 17:10:00,175.28333334,0,2018-01-28,True
2018-01-28 20:06:00,0.03333333333333333,fast,2018-01-28 19:56:00,2018-01-28 20:10:00,10.45,0,1,1,2018-01-28 17:10:00,176.54999999999998,0,2018-01-28,True
2018-01-28 20:06:00,0.016666666666666666,fast,2018-01-28 19:56:00,2018-01-28 20:10:00,10.516666666666667,0,1,1,2018-01-28 17:10:00,176.61666666,0,2018-01-28,True
2018-01-28 20:06:00,0.06666666666666667,fast,2018-01-28 19:56:00,2018-01-28 20:10:00,10.7,0,1,1,2018-01-28 17:10:00,176.80000002,0,2018-01-28,True
2018-01-28 20:08:00,0.06666666666666667,pick,2018-01-28 19:56:00,2018-01-28 20:10:00,12.0,0,1,1,2018-01-28 17:10:00,178.09999998,0,2018-01-28,True
2018-01-28 20:09:00,0.05,rat,2018-01-28 19:56:00,2018-01-28 20:10:00,13.733333333333333,1,0,1,2018-01-28 17:10:00,179.83333332,0,2018-01-28,True
2018-01-29 01:32:00,0.36666666666666664,pick,2018-01-29 01:29:00,2018-01-29 01:33:00,3.75,0,1,1,2018-01-28 17:10:00,502.90000001999994,0,2018-01-29,True
2018-01-31 19:44:00,0.05,rat,2018-01-31 19:41:00,2018-01-31 19:45:00,3.25,1,0,1,2018-01-31 17:13:00,151.36666668,0,2018-01-31,True
2018-01-31 22:23:00,0.016666666666666666,fast,2018-01-31 22:20:00,2018-01-31 22:24:00,2.8,0,1,1,2018-01-31 17:13:00,310.09999998,0,2018-01-31,True
2018-02-02 00:43:00,0.03333333333333333,fast,2018-02-02 00:40:00,2018-02-02 00:44:00,3.066666666666667,0,1,2,2018-02-01 17:14:00,449.38333332,0,2018-02-02,True
2018-02-02 00:44:00,0.016666666666666666,rat,2018-02-02 00:40:00,2018-02-02 00:44:00,3.9833333333333334,1,0,2,2018-02-01 17:14:00,450.3,0,2018-02-02,True
2018-02-02 18:30:00,0.06666666666666667,rat,2018-02-02 18:30:00,2018-02-02 18:30:00,0.05,1,0,2,2018-02-02 17:15:00,75.63333336,0,2018-02-02,True
2018-02-03 17:51:00,0.06666666666666667,rat,2018-02-03 17:51:00,2018-02-03 17:51:00,0.36666666666666664,1,0,2,2018-02-03 17:16:00,35.56666668,0,2018-02-03,True
2018-02-04 18:32:00,0.06666666666666667,Unknown,2018-02-04 18:32:00,2018-02-04 18:50:00,0.7,0,0,2,2018-02-04 17:17:00,75.89999999999999,0,2018-02-04,True
2018-02-04 18:33:00,0.05,bat and rat,2018-02-04 18:32:00,2018-02-04 18:50:00,1.2833333333333334,1,0,2,2018-02-04 17:17:00,76.48333332,0,2018-02-04,True
2018-02-04 18:46:00,0.016666666666666666,Unknown,2018-02-04 18:32:00,2018-02-04 18:50:00,14.266666666666667,0,0,2,2018-02-04 17:17:00,89.46666666,0,2018-02-04,True
2018-02-04 18:47:00,0.016666666666666666,Unknown,2018-02-04 18:32:00,2018-02-04 18:50:00,15.55,0,0,2,2018-02-04 17:17:00,90.75,0,2018-02-04,True
2018-02-05 23:22:00,0.016666666666666666,Unknown,2018-02-05 23:21:00,2018-02-05 23:26:00,1.8333333333333333,0,0,2,2018-02-05 17:18:00,364.88333334000004,0,2018-02-05,True
2018-02-05 23:22:00,0.016666666666666666,Unknown,2018-02-05 23:21:00,2018-02-05 23:26:00,1.2833333333333334,0,0,2,2018-02-05 17:18:00,364.33333332,0,2018-02-05,True
2018-02-05 23:25:00,0.1,Unknown,2018-02-05 23:21:00,2018-02-05 23:26:00,4.216666666666667,0,0,2,2018-02-05 17:18:00,367.26666666,0,2018-02-05,True
2018-02-07 18:11:00,0.11666666666666667,Unknown,2018-02-07 18:11:00,2018-02-07 18:11:00,0.16666666666666666,0,0,2,2018-02-07 17:19:00,52.65,0,2018-02-07,True
2018-02-07 18:32:00,0.016666666666666666,rat,2018-02-07 18:29:00,2018-02-07 18:44:00,2.7666666666666666,1,0,2,2018-02-07 17:19:00,73.51666668,0,2018-02-07,True
2018-02-07 22:58:00,0.23333333333333334,pick,2018-02-07 22:53:00,2018-02-07 22:58:00,4.983333333333333,0,1,2,2018-02-07 17:19:00,339.71666664,0,2018-02-07,True
2018-02-08 01:47:00,0.13333333333333333,Other,2018-02-08 01:47:00,2018-02-08 01:48:00,0.11666666666666667,1,0,2,2018-02-07 17:19:00,508.90000002000005,0,2018-02-08,True
2018-02-08 01:52:00,0.016666666666666666,fast,2018-02-08 01:52:00,2018-02-08 01:52:00,0.03333333333333333,0,1,2,2018-02-07 17:19:00,513.28333332,0,2018-02-08,True
2018-02-08 02:06:00,0.1,rat,2018-02-08 02:05:00,2018-02-08 02:09:00,1.2333333333333334,1,0,2,2018-02-07 17:19:00,527.81666664,0,2018-02-08,True
2018-02-08 02:06:00,0.016666666666666666,rat,2018-02-08 02:05:00,2018-02-08 02:09:00,1.3333333333333333,1,0,2,2018-02-07 17:19:00,527.9166666599999,0,2018-02-08,True
2018-02-08 02:07:00,0.11666666666666667,rat,2018-02-08 02:05:00,2018-02-08 02:09:00,1.65,1,0,2,2018-02-07 17:19:00,528.23333334,0,2018-02-08,True
2018-02-08 02:07:00,0.06666666666666667,rat,2018-02-08 02:05:00,2018-02-08 02:09:00,1.9333333333333333,1,0,2,2018-02-07 17:19:00,528.5166666599999,0,2018-02-08,True
2018-02-08 02:08:00,0.06666666666666667,rat,2018-02-08 02:05:00,2018-02-08 02:09:00,3.3333333333333335,1,0,2,2018-02-07 17:19:00,529.91666664,0,2018-02-08,True
2018-02-08 03:41:00,0.0005977992166666667,rat,2018-02-08 03:41:00,2018-02-08 03:45:00,0.45,1,0,2,2018-02-07 17:19:00,622.4666664,0,2018-02-08,True
2018-02-09 00:06:00,0.05,fast,2018-02-09 00:06:00,2018-02-09 00:06:00,0.03333333333333333,0,1,2,2018-02-08 17:20:00,406.03333332,0,2018-02-09,True
2018-02-09 00:11:00,0.016666666666666666,rat,2018-02-09 00:09:00,2018-02-09 00:13:00,2.25,1,0,2,2018-02-08 17:20:00,411.73333332,0,2018-02-09,True
2018-02-09 00:26:00,0.2833333333333333,pick,2018-02-09 00:26:00,2018-02-09 00:32:00,0.03333333333333333,0,1,2,2018-02-08 17:20:00,426.88333332,0,2018-02-09,True
2018-02-09 00:29:00,0.016666666666666666,rat,2018-02-09 00:26:00,2018-02-09 00:32:00,2.566666666666667,1,0,2,2018-02-08 17:20:00,429.41666663999996,0,2018-02-09,True
2018-02-09 03:31:00,0.016666666666666666,rat,2018-02-09 03:28:00,2018-02-09 03:33:00,2.433333333333333,1,0,2,2018-02-08 17:20:00,611.0666664,0,2018-02-09,True
2018-02-09 03:32:00,0.35,rat,2018-02-09 03:28:00,2018-02-09 03:33:00,3.5166666666666666,1,0,2,2018-02-08 17:20:00,612.1500000000001,0,2018-02-09,True
2018-02-09 03:32:00,0.15,pick,2018-02-09 03:28:00,2018-02-09 03:33:00,4.1,0,1,2,2018-02-08 17:20:00,612.7333332,0,2018-02-09,True
2018-02-10 00:43:00,0.06666666666666667,rat,2018-02-10 00:43:00,2018-02-10 00:45:00,0.36666666666666664,1,0,2,2018-02-09 17:21:00,442.51666668,0,2018-02-10,True
2018-02-10 00:44:00,0.06666666666666667,pick,2018-02-10 00:43:00,2018-02-10 00:45:00,1.1333333333333333,0,1,2,2018-02-09 17:21:00,443.28333336000003,0,2018-02-10,True
2018-02-10 00:44:00,0.03333333333333333,pick,2018-02-10 00:43:00,2018-02-10 00:45:00,1.3333333333333333,0,1,2,2018-02-09 17:21:00,443.48333334,0,2018-02-10,True
2018-02-10 00:44:00,0.35,pick bat,2018-02-10 00:43:00,2018-02-10 00:45:00,1.0833333333333333,1,1,2,2018-02-09 17:21:00,443.23333332,0,2018-02-10,True
2018-02-10 00:44:00,0.11666666666666667,bat,2018-02-10 00:43:00,2018-02-10 00:45:00,1.0166666666666666,1,0,2,2018-02-09 17:21:00,443.16666666,0,2018-02-10,True
2018-02-10 00:44:00,0.05,fast,2018-02-10 00:43:00,2018-02-10 00:45:00,1.6,0,1,2,2018-02-09 17:21:00,443.74999998,0,2018-02-10,True
2018-02-10 00:49:00,0.0014869391166666666,fast,2018-02-10 00:49:00,2018-02-10 00:51:00,0.3,0,1,2,2018-02-09 17:21:00,448.31666664,0,2018-02-10,True
2018-02-10 00:49:00,0.03333333333333333,rat,2018-02-10 00:49:00,2018-02-10 00:51:00,0.9333333333333333,1,0,2,2018-02-09 17:21:00,448.95,0,2018-02-10,True
2018-02-10 00:50:00,0.0015023983666666667,rat,2018-02-10 00:49:00,2018-02-10 00:51:00,1.35,1,0,2,2018-02-09 17:21:00,449.36666664,0,2018-02-10,True
2018-02-10 00:50:00,0.0006898395666666666,fast,2018-02-10 00:49:00,2018-02-10 00:51:00,1.0833333333333333,0,1,2,2018-02-09 17:21:00,449.1,0,2018-02-10,True
2018-02-10 00:50:00,0.3333333333333333,both,2018-02-10 00:49:00,2018-02-10 00:51:00,1.7,0,0,2,2018-02-09 17:21:00,449.71666668,0,2018-02-10,True
2018-02-10 00:51:00,0.03333333333333333,rat,2018-02-10 00:49:00,2018-02-10 00:51:00,2.4833333333333334,1,0,2,2018-02-09 17:21:00,450.49999998000004,0,2018-02-10,True
2018-02-10 19:25:00,0.00162333185,fast,2018-02-10 19:24:00,2018-02-10 19:25:00,0.21666666666666667,0,1,2,2018-02-10 17:22:00,122.99999999999999,0,2018-02-10,True
2018-02-10 21:08:00,0.08333333333333333,rat,2018-02-10 21:04:00,2018-02-10 21:11:00,3.7,1,0,2,2018-02-10 17:22:00,226.26666666,0,2018-02-10,True
2018-02-10 21:36:00,0.03333333333333333,rat,2018-02-10 21:35:00,2018-02-10 21:36:00,1.25,1,0,2,2018-02-10 17:22:00,254.31666666,0,2018-02-10,True
2018-02-10 21:36:00,0.016666666666666666,rat,2018-02-10 21:35:00,2018-02-10 21:36:00,1.1333333333333333,1,0,2,2018-02-10 17:22:00,254.20000001999998,0,2018-02-10,True
2018-02-10 21:44:00,0.016666666666666666,rat,2018-02-10 21:44:00,2018-02-10 21:51:00,0.1,1,0,2,2018-02-10 17:22:00,262.09999998,0,2018-02-10,True
2018-02-10 21:45:00,0.1,Unknown,2018-02-10 21:44:00,2018-02-10 21:51:00,1.4333333333333333,0,0,2,2018-02-10 17:22:00,263.43333336,0,2018-02-10,True
2018-02-10 21:45:00,0.06666666666666667,rat,2018-02-10 21:44:00,2018-02-10 21:51:00,1.5333333333333334,1,0,2,2018-02-10 17:22:00,263.53333332,0,2018-02-10,True
2018-02-10 21:46:00,0.21666666666666667,rat,2018-02-10 21:44:00,2018-02-10 21:51:00,2.283333333333333,1,0,2,2018-02-10 17:22:00,264.28333332,0,2018-02-10,True
2018-02-10 21:46:00,0.016666666666666666,rat,2018-02-10 21:44:00,2018-02-10 21:51:00,2.5833333333333335,1,0,2,2018-02-10 17:22:00,264.58333332,0,2018-02-10,True
2018-02-10 21:46:00,0.03333333333333333,fast,2018-02-10 21:44:00,2018-02-10 21:51:00,2.6333333333333333,0,1,2,2018-02-10 17:22:00,264.63333336,0,2018-02-10,True
2018-02-10 21:47:00,0.016666666666666666,rat,2018-02-10 21:44:00,2018-02-10 21:51:00,3.7333333333333334,1,0,2,2018-02-10 17:22:00,265.73333334,0,2018-02-10,True
2018-02-11 00:32:00,0.016666666666666666,rat,2018-02-11 00:31:00,2018-02-11 00:33:00,0.5833333333333334,1,0,2,2018-02-10 17:22:00,430.35,0,2018-02-11,True
2018-02-11 01:09:00,0.08333333333333333,pick,2018-02-11 01:09:00,2018-02-11 01:10:00,0.11666666666666667,0,1,2,2018-02-10 17:22:00,467.68333332,0,2018-02-11,True
2018-02-11 01:54:00,0.0007396768333333333,rat,2018-02-11 01:52:00,2018-02-11 01:58:00,1.75,1,0,2,2018-02-10 17:22:00,512.66666664,0,2018-02-11,True
2018-02-11 01:55:00,0.05,rat,2018-02-11 01:52:00,2018-02-11 01:58:00,2.2,1,0,2,2018-02-10 17:22:00,513.11666664,0,2018-02-11,True
2018-02-11 01:56:00,0.016666666666666666,fast,2018-02-11 01:52:00,2018-02-11 01:58:00,4.033333333333333,0,1,2,2018-02-10 17:22:00,514.9499999999999,0,2018-02-11,True
2018-02-11 01:57:00,0.4,rat,2018-02-11 01:52:00,2018-02-11 01:58:00,4.766666666666667,1,0,2,2018-02-10 17:22:00,515.68333332,0,2018-02-11,True
2018-02-11 01:57:00,0.1,fast,2018-02-11 01:52:00,2018-02-11 01:58:00,4.483333333333333,0,1,2,2018-02-10 17:22:00,515.4,0,2018-02-11,True
2018-02-13 03:44:00,0.016666666666666666,rat,2018-02-13 03:43:00,2018-02-13 03:45:00,1.2833333333333334,1,0,2,2018-02-12 17:24:00,620.5333332,0,2018-02-13,True
2018-02-13 03:50:00,0.05,fast,2018-02-13 03:49:00,2018-02-13 03:50:00,0.9833333333333333,0,1,2,2018-02-12 17:24:00,626.1,0,2018-02-13,True
2018-02-14 03:11:00,0.06666666666666667,pick,2018-02-14 03:02:00,2018-02-14 03:11:00,8.316666666666666,0,1,2,2018-02-13 17:25:00,586.30000002,0,2018-02-14,True
2018-02-14 05:30:00,0.016666666666666666,rat,2018-02-14 05:26:00,2018-02-14 05:34:00,3.75,1,0,2,2018-02-13 17:25:00,725.5166664000001,0,2018-02-14,True
2018-02-14 22:05:00,0.016666666666666666,rat,2018-02-14 22:04:00,2018-02-14 22:12:00,1.4833333333333334,1,0,2,2018-02-14 17:26:00,279.55000002,0,2018-02-14,True
2018-02-14 22:08:00,0.03333333333333333,rat,2018-02-14 22:04:00,2018-02-14 22:12:00,4.316666666666666,1,0,2,2018-02-14 17:26:00,282.38333334000004,0,2018-02-14,True
2018-02-14 22:11:00,0.06666666666666667,rat,2018-02-14 22:04:00,2018-02-14 22:12:00,7.833333333333333,1,0,2,2018-02-14 17:26:00,285.9,0,2018-02-14,True
2018-02-14 22:46:00,0.016666666666666666,rat,2018-02-14 22:43:00,2018-02-14 22:52:00,3.4,1,0,2,2018-02-14 17:26:00,320.78333334,0,2018-02-14,True
2018-02-14 22:46:00,0.03333333333333333,rat,2018-02-14 22:43:00,2018-02-14 22:52:00,3.1166666666666667,1,0,2,2018-02-14 17:26:00,320.50000002,0,2018-02-14,True
2018-02-14 22:50:00,0.03333333333333333,rat,2018-02-14 22:43:00,2018-02-14 22:52:00,7.0,1,0,2,2018-02-14 17:26:00,324.38333334,0,2018-02-14,True
2018-02-14 22:50:00,0.15,rat,2018-02-14 22:43:00,2018-02-14 22:52:00,7.233333333333333,1,0,2,2018-02-14 17:26:00,324.61666668000004,0,2018-02-14,True
2018-02-14 22:51:00,0.0010200228666666666,rat,2018-02-14 22:43:00,2018-02-14 22:52:00,8.533333333333333,1,0,2,2018-02-14 17:26:00,325.91666664,0,2018-02-14,True
2018-02-14 22:52:00,0.016666666666666666,rat,2018-02-14 22:43:00,2018-02-14 22:52:00,8.633333333333333,1,0,2,2018-02-14 17:26:00,326.01666666,0,2018-02-14,True
2018-02-15 18:21:00,0.0008350969,fast,2018-02-15 18:20:00,2018-02-15 18:28:00,0.9,0,1,2,2018-02-15 17:26:00,55.35,0,2018-02-15,True
2018-02-15 18:52:00,0.1,pick,2018-02-15 18:49:00,2018-02-15 18:55:00,3.35,0,1,2,2018-02-15 17:26:00,86.78333334,0,2018-02-15,True
2018-02-15 18:52:00,0.1,bat,2018-02-15 18:49:00,2018-02-15 18:55:00,2.9833333333333334,1,0,2,2018-02-15 17:26:00,86.41666668,0,2018-02-15,True
2018-02-15 18:54:00,0.016666666666666666,rat,2018-02-15 18:49:00,2018-02-15 18:55:00,5.35,1,0,2,2018-02-15 17:26:00,88.78333332,0,2018-02-15,True
2018-02-15 19:31:00,0.016666666666666666,fast,2018-02-15 19:30:00,2018-02-15 19:31:00,0.5,0,1,2,2018-02-15 17:26:00,125.14999998,0,2018-02-15,True
2018-02-15 19:31:00,0.0014265945666666667,Other,2018-02-15 19:30:00,2018-02-15 19:31:00,1.1833333333333333,1,0,2,2018-02-15 17:26:00,125.83333332000001,0,2018-02-15,True
2018-02-16 22:18:00,0.03333333333333333,rat,2018-02-16 22:18:00,2018-02-16 22:22:00,0.4166666666666667,1,0,2,2018-02-16 17:27:00,291.61666668000004,0,2018-02-16,True
2018-02-16 22:21:00,0.016666666666666666,fast,2018-02-16 22:18:00,2018-02-16 22:22:00,3.433333333333333,0,1,2,2018-02-16 17:27:00,294.63333336,0,2018-02-16,True
2018-02-16 22:21:00,0.03333333333333333,rat,2018-02-16 22:18:00,2018-02-16 22:22:00,3.35,1,0,2,2018-02-16 17:27:00,294.55000002,0,2018-02-16,True
2018-02-16 22:21:00,0.26666666666666666,rat,2018-02-16 22:18:00,2018-02-16 22:22:00,3.0166666666666666,1,0,2,2018-02-16 17:27:00,294.21666666,0,2018-02-16,True
2018-02-16 22:22:00,0.001261807,Other,2018-02-16 22:18:00,2018-02-16 22:22:00,4.166666666666667,1,0,2,2018-02-16 17:27:00,295.36666668000004,0,2018-02-16,True
2018-02-17 17:42:00,0.00083685605,fast,2018-02-17 17:40:00,2018-02-17 17:43:00,2.316666666666667,0,1,2,2018-02-17 17:28:00,14.86666668,0,2018-02-17,True
2018-02-17 20:50:00,0.03333333333333333,rat,2018-02-17 20:49:00,2018-02-17 20:51:00,0.7,1,0,2,2018-02-17 17:28:00,202.60000001999998,0,2018-02-17,True
2018-02-17 20:50:00,0.016666666666666666,rat,2018-02-17 20:49:00,2018-02-17 20:51:00,0.5833333333333334,1,0,2,2018-02-17 17:28:00,202.48333331999999,0,2018-02-17,True
2018-02-17 20:50:00,0.03333333333333333,rat,2018-02-17 20:49:00,2018-02-17 20:51:00,0.3333333333333333,1,0,2,2018-02-17 17:28:00,202.23333336,0,2018-02-17,True
2018-02-19 00:33:00,0.0009590089333333334,fast,2018-02-19 00:31:00,2018-02-19 00:34:00,2.6166666666666667,0,1,2,2018-02-18 17:29:00,424.68333336,0,2018-02-19,True
2018-02-19 01:33:00,0.05,rat,2018-02-19 01:33:00,2018-02-19 01:33:00,0.1,1,0,2,2018-02-18 17:29:00,484.69999998,0,2018-02-19,True
2018-02-20 01:49:00,0.03333333333333333,rat,2018-02-20 01:47:00,2018-02-20 01:50:00,2.5166666666666666,1,0,2,2018-02-19 17:30:00,499.98333335999996,0,2018-02-20,True
2018-02-20 02:12:00,0.05,bat,2018-02-20 02:10:00,2018-02-20 02:13:00,1.9333333333333333,1,0,2,2018-02-19 17:30:00,522.78333336,0,2018-02-20,True
2018-02-20 03:10:00,0.016666666666666666,rat,2018-02-20 03:10:00,2018-02-20 03:11:00,0.2833333333333333,1,0,2,2018-02-19 17:30:00,580.56666666,0,2018-02-20,True
2018-03-18 21:37:00,0.05,fast,2018-03-18 21:37:00,2018-03-18 21:40:00,0.03333333333333333,0,1,3,2018-03-18 17:50:00,227.73333336000002,1,2018-03-18,True
2018-03-18 21:38:00,0.03333333333333333,fast,2018-03-18 21:37:00,2018-03-18 21:40:00,1.2166666666666666,0,1,3,2018-03-18 17:50:00,228.91666668,1,2018-03-18,True
2018-03-18 21:39:00,0.016666666666666666,fast,2018-03-18 21:37:00,2018-03-18 21:40:00,1.75,0,1,3,2018-03-18 17:50:00,229.45000002,1,2018-03-18,True
2018-03-18 21:39:00,0.03333333333333333,fast,2018-03-18 21:37:00,2018-03-18 21:40:00,2.1666666666666665,0,1,3,2018-03-18 17:50:00,229.86666666,1,2018-03-18,True
2018-03-20 02:11:00,0.06666666666666667,rat pick,2018-03-20 02:11:00,2018-03-20 02:11:00,0.7666666666666667,1,1,3,2018-03-19 17:51:00,500.83333331999995,1,2018-03-20,True
2018-03-20 03:17:00,0.03333333333333333,fast,2018-03-20 03:15:00,2018-03-20 03:17:00,1.8,0,1,3,2018-03-19 17:51:00,566.21666664,1,2018-03-20,True
2018-03-29 00:47:00,0.06666666666666667,pick,2018-03-29 00:46:00,2018-03-29 00:55:00,1.1833333333333333,0,1,3,2018-03-28 18:57:00,350.96666664,1,2018-03-29,True
2018-03-29 00:49:00,0.0007669899166666667,rat,2018-03-29 00:46:00,2018-03-29 00:55:00,3.2,1,0,3,2018-03-28 18:57:00,352.98333336,1,2018-03-29,True
2018-03-29 00:50:00,0.3,pick,2018-03-29 00:46:00,2018-03-29 00:55:00,3.9833333333333334,0,1,3,2018-03-28 18:57:00,353.76666666,1,2018-03-29,True
2018-03-29 00:50:00,0.23333333333333334,rat,2018-03-29 00:46:00,2018-03-29 00:55:00,4.166666666666667,1,0,3,2018-03-28 18:57:00,353.95000002,1,2018-03-29,True
2018-03-29 00:50:00,0.15,pick,2018-03-29 00:46:00,2018-03-29 00:55:00,3.6666666666666665,0,1,3,2018-03-28 18:57:00,353.44999998,1,2018-03-29,True
2018-03-29 00:51:00,0.03333333333333333,other bats,2018-03-29 00:46:00,2018-03-29 00:55:00,4.4,1,0,3,2018-03-28 18:57:00,354.18333336,1,2018-03-29,True
2018-03-29 00:51:00,0.05,fast,2018-03-29 00:46:00,2018-03-29 00:55:00,4.416666666666667,0,1,3,2018-03-28 18:57:00,354.19999998,1,2018-03-29,True
2018-03-29 00:51:00,0.2,rat,2018-03-29 00:46:00,2018-03-29 00:55:00,4.65,1,0,3,2018-03-28 18:57:00,354.43333332,1,2018-03-29,True
2018-03-29 00:51:00,0.25,pick,2018-03-29 00:46:00,2018-03-29 00:55:00,4.916666666666667,0,1,3,2018-03-28 18:57:00,354.70000002,1,2018-03-29,True
2018-03-29 00:53:00,0.03333333333333333,fast,2018-03-29 00:46:00,2018-03-29 00:55:00,7.1,0,1,3,2018-03-28 18:57:00,356.88333336,1,2018-03-29,True
2018-03-29 00:54:00,0.06666666666666667,rat,2018-03-29 00:46:00,2018-03-29 00:55:00,7.533333333333333,1,0,3,2018-03-28 18:57:00,357.31666668,1,2018-03-29,True
2018-03-29 00:55:00,0.18333333333333332,rat,2018-03-29 00:46:00,2018-03-29 00:55:00,8.45,1,0,3,2018-03-28 18:57:00,358.23333336,1,2018-03-29,True
2018-03-29 02:20:00,0.00021680593333333334,fast,2018-03-29 02:19:00,2018-03-29 02:25:00,0.48333333333333334,0,1,3,2018-03-28 18:57:00,443.14999998,1,2018-03-29,True
2018-03-29 02:21:00,0.03333333333333333,fast,2018-03-29 02:19:00,2018-03-29 02:25:00,2.25,0,1,3,2018-03-28 18:57:00,444.91666668,1,2018-03-29,True
2018-03-29 02:22:00,0.03333333333333333,rat,2018-03-29 02:19:00,2018-03-29 02:25:00,3.1333333333333333,1,0,3,2018-03-28 18:57:00,445.79999999999995,1,2018-03-29,True
2018-03-29 02:25:00,0.00047127996666666665,rat,2018-03-29 02:19:00,2018-03-29 02:25:00,5.483333333333333,1,0,3,2018-03-28 18:57:00,448.15000002,1,2018-03-29,True
2018-03-31 00:28:00,0.4166666666666667,other bats,2018-03-31 00:20:00,2018-03-31 00:28:00,8.616666666666667,1,0,3,2018-03-30 18:59:00,329.86666668,1,2018-03-31,True
2018-03-31 00:28:00,0.016666666666666666,Unknown,2018-03-31 00:20:00,2018-03-31 00:28:00,8.45,0,0,3,2018-03-30 18:59:00,329.7,1,2018-03-31,True
2018-03-31 01:57:00,0.05,fast,2018-03-31 01:48:00,2018-03-31 01:58:00,8.95,0,1,3,2018-03-30 18:59:00,418.61666664,1,2018-03-31,True
2018-03-31 01:58:00,0.0010692455833333334,fast,2018-03-31 01:48:00,2018-03-31 01:58:00,9.533333333333333,0,1,3,2018-03-30 18:59:00,419.20000002,1,2018-03-31,True
2018-04-02 22:04:00,0.16666666666666666,rat,2018-04-02 21:58:00,2018-04-02 22:09:00,6.35,1,0,4,2018-04-02 19:01:00,183.6,1,2018-04-02,True
2018-04-02 22:05:00,0.13333333333333333,rat and bat,2018-04-02 21:58:00,2018-04-02 22:09:00,7.266666666666667,1,0,4,2018-04-02 19:01:00,184.51666668,1,2018-04-02,True
2018-04-02 22:05:00,0.03333333333333333,fast,2018-04-02 21:58:00,2018-04-02 22:09:00,7.5,0,1,4,2018-04-02 19:01:00,184.75000002,1,2018-04-02,True
2018-04-02 22:05:00,0.1,rat and bat,2018-04-02 21:58:00,2018-04-02 22:09:00,7.583333333333333,1,0,4,2018-04-02 19:01:00,184.83333336,1,2018-04-02,True
2018-04-02 22:06:00,0.03333333333333333,Other,2018-04-02 21:58:00,2018-04-02 22:09:00,7.95,0,0,4,2018-04-02 19:01:00,185.20000001999998,1,2018-04-02,True
2018-04-02 22:07:00,0.0005048844333333333,fast,2018-04-02 21:58:00,2018-04-02 22:09:00,9.3,0,1,4,2018-04-02 19:01:00,186.55000002000003,1,2018-04-02,True
2018-04-02 22:09:00,0.11666666666666667,rat,2018-04-02 21:58:00,2018-04-02 22:09:00,11.033333333333333,1,0,4,2018-04-02 19:01:00,188.28333336,1,2018-04-02,True
2018-04-02 22:09:00,0.1,rat,2018-04-02 21:58:00,2018-04-02 22:09:00,11.216666666666667,1,0,4,2018-04-02 19:01:00,188.46666666,1,2018-04-02,True
2018-04-02 22:09:00,0.3,pick,2018-04-02 21:58:00,2018-04-02 22:09:00,11.133333333333333,0,1,4,2018-04-02 19:01:00,188.38333332,1,2018-04-02,True
2018-04-02 22:09:00,0.2833333333333333,rat and bat,2018-04-02 21:58:00,2018-04-02 22:09:00,11.583333333333334,1,0,4,2018-04-02 19:01:00,188.83333332,1,2018-04-02,True
2018-04-02 23:12:00,0.016666666666666666,fast,2018-04-02 23:10:00,2018-04-02 23:18:00,2.1333333333333333,0,1,4,2018-04-02 19:01:00,251.36666664,1,2018-04-02,True
2018-04-02 23:16:00,0.1,pick,2018-04-02 23:10:00,2018-04-02 23:18:00,6.35,0,1,4,2018-04-02 19:01:00,255.58333331999998,1,2018-04-02,True
2018-04-02 23:43:00,0.03333333333333333,fast,2018-04-02 23:42:00,2018-04-02 23:48:00,1.3333333333333333,0,1,4,2018-04-02 19:01:00,282.48333335999996,1,2018-04-02,True
2018-04-02 23:45:00,0.016666666666666666,fast,2018-04-02 23:42:00,2018-04-02 23:48:00,2.95,0,1,4,2018-04-02 19:01:00,284.1,1,2018-04-02,True
2018-04-02 23:45:00,0.18333333333333332,Other,2018-04-02 23:42:00,2018-04-02 23:48:00,3.716666666666667,1,0,4,2018-04-02 19:01:00,284.86666668,1,2018-04-02,True
2018-04-02 23:46:00,0.05,fast,2018-04-02 23:42:00,2018-04-02 23:48:00,3.9,0,1,4,2018-04-02 19:01:00,285.04999998,1,2018-04-02,True
2018-04-02 23:46:00,0.4166666666666667,pick,2018-04-02 23:42:00,2018-04-02 23:48:00,3.9833333333333334,0,1,4,2018-04-02 19:01:00,285.13333332,1,2018-04-02,True
2018-04-02 23:46:00,0.1,other bats,2018-04-02 23:42:00,2018-04-02 23:48:00,3.966666666666667,1,0,4,2018-04-02 19:01:00,285.11666664,1,2018-04-02,True
2018-04-02 23:46:00,0.05,rat,2018-04-02 23:42:00,2018-04-02 23:48:00,4.366666666666666,1,0,4,2018-04-02 19:01:00,285.51666666,1,2018-04-02,True
2018-04-02 23:46:00,0.18333333333333332,rat,2018-04-02 23:42:00,2018-04-02 23:48:00,4.783333333333333,1,0,4,2018-04-02 19:01:00,285.93333336,1,2018-04-02,True
2018-04-02 23:48:00,0.1,other bats,2018-04-02 23:42:00,2018-04-02 23:48:00,6.0,1,0,4,2018-04-02 19:01:00,287.14999998,1,2018-04-02,True
2018-04-02 23:48:00,0.25,pick,2018-04-02 23:42:00,2018-04-02 23:48:00,5.916666666666667,0,1,4,2018-04-02 19:01:00,287.06666664,1,2018-04-02,True
2018-04-03 01:01:00,0.0011656161166666667,fast,2018-04-03 01:00:00,2018-04-03 01:21:00,0.8833333333333333,0,1,4,2018-04-02 19:01:00,360.23333334,1,2018-04-03,True
2018-04-03 01:01:00,0.016666666666666666,fast,2018-04-03 01:00:00,2018-04-03 01:21:00,1.3666666666666667,0,1,4,2018-04-02 19:01:00,360.71666664,1,2018-04-03,True
2018-04-03 01:01:00,0.016666666666666666,fast,2018-04-03 01:00:00,2018-04-03 01:21:00,1.6333333333333333,0,1,4,2018-04-02 19:01:00,360.98333334,1,2018-04-03,True
2018-04-03 01:02:00,0.06666666666666667,pick,2018-04-03 01:00:00,2018-04-03 01:21:00,1.6833333333333333,0,1,4,2018-04-02 19:01:00,361.03333332,1,2018-04-03,True
2018-04-03 01:02:00,0.0006163825999999999,rat,2018-04-03 01:00:00,2018-04-03 01:21:00,1.8666666666666667,1,0,4,2018-04-02 19:01:00,361.21666668,1,2018-04-03,True
2018-04-03 01:02:00,0.016666666666666666,rat,2018-04-03 01:00:00,2018-04-03 01:21:00,2.0,1,0,4,2018-04-02 19:01:00,361.35,1,2018-04-03,True
2018-04-03 01:02:00,0.03333333333333333,fast,2018-04-03 01:00:00,2018-04-03 01:21:00,2.1333333333333333,0,1,4,2018-04-02 19:01:00,361.48333332000004,1,2018-04-03,True
2018-04-03 01:03:00,0.06666666666666667,fast,2018-04-03 01:00:00,2018-04-03 01:21:00,3.0,0,1,4,2018-04-02 19:01:00,362.35000002,1,2018-04-03,True
2018-04-03 01:04:00,0.03333333333333333,Unknown,2018-04-03 01:00:00,2018-04-03 01:21:00,4.616666666666666,0,0,4,2018-04-02 19:01:00,363.96666666,1,2018-04-03,True
2018-04-03 01:04:00,0.05,rat,2018-04-03 01:00:00,2018-04-03 01:21:00,3.8666666666666667,1,0,4,2018-04-02 19:01:00,363.21666666000004,1,2018-04-03,True
2018-04-03 01:06:00,0.31666666666666665,Other,2018-04-03 01:00:00,2018-04-03 01:21:00,5.883333333333334,1,0,4,2018-04-02 19:01:00,365.23333332000004,1,2018-04-03,True
2018-04-03 01:07:00,0.05,fast,2018-04-03 01:00:00,2018-04-03 01:21:00,7.25,0,1,4,2018-04-02 19:01:00,366.6,1,2018-04-03,True
2018-04-03 01:10:00,0.1,fast,2018-04-03 01:00:00,2018-04-03 01:21:00,10.2,0,1,4,2018-04-02 19:01:00,369.55000002,1,2018-04-03,True
2018-04-03 01:12:00,0.016666666666666666,fast,2018-04-03 01:00:00,2018-04-03 01:21:00,11.8,0,1,4,2018-04-02 19:01:00,371.14999997999996,1,2018-04-03,True
2018-04-03 01:13:00,0.15,rat,2018-04-03 01:00:00,2018-04-03 01:21:00,12.95,1,0,4,2018-04-02 19:01:00,372.3,1,2018-04-03,True
2018-04-03 01:13:00,0.38333333333333336,rat,2018-04-03 01:00:00,2018-04-03 01:21:00,13.433333333333334,1,0,4,2018-04-02 19:01:00,372.78333336,1,2018-04-03,True
2018-04-03 01:15:00,0.06666666666666667,Other,2018-04-03 01:00:00,2018-04-03 01:21:00,15.6,0,0,4,2018-04-02 19:01:00,374.95000002,1,2018-04-03,True
2018-04-03 01:15:00,0.016666666666666666,Unknown,2018-04-03 01:00:00,2018-04-03 01:21:00,15.05,0,0,4,2018-04-02 19:01:00,374.40000000000003,1,2018-04-03,True
2018-04-03 21:22:00,0.05,fast,2018-04-03 21:21:00,2018-04-03 21:32:00,1.5,0,1,4,2018-04-03 19:01:00,141.51666666,1,2018-04-03,True
2018-04-03 21:27:00,0.05,fast,2018-04-03 21:21:00,2018-04-03 21:32:00,6.266666666666667,0,1,4,2018-04-03 19:01:00,146.28333336,1,2018-04-03,True
2018-04-03 21:28:00,0.03333333333333333,fast,2018-04-03 21:21:00,2018-04-03 21:32:00,7.533333333333333,0,1,4,2018-04-03 19:01:00,147.55000002,1,2018-04-03,True
2018-04-03 23:24:00,0.03333333333333333,fast,2018-04-03 23:24:00,2018-04-03 23:40:00,0.2,0,1,4,2018-04-03 19:01:00,263.74999998,1,2018-04-03,True
2018-04-03 23:25:00,0.15,rat,2018-04-03 23:24:00,2018-04-03 23:40:00,0.5166666666666667,1,0,4,2018-04-03 19:01:00,264.06666665999995,1,2018-04-03,True
2018-04-03 23:25:00,0.06666666666666667,fast,2018-04-03 23:24:00,2018-04-03 23:40:00,0.9666666666666667,0,1,4,2018-04-03 19:01:00,264.51666666,1,2018-04-03,True
2018-04-03 23:27:00,0.08333333333333333,rat,2018-04-03 23:24:00,2018-04-03 23:40:00,3.1166666666666667,1,0,4,2018-04-03 19:01:00,266.66666664,1,2018-04-03,True
2018-04-03 23:27:00,0.06666666666666667,rat,2018-04-03 23:24:00,2018-04-03 23:40:00,3.283333333333333,1,0,4,2018-04-03 19:01:00,266.83333332,1,2018-04-03,True
2018-04-03 23:28:00,0.016666666666666666,fast,2018-04-03 23:24:00,2018-04-03 23:40:00,3.7333333333333334,0,1,4,2018-04-03 19:01:00,267.28333332,1,2018-04-03,True
2018-04-03 23:29:00,0.06666666666666667,rat,2018-04-03 23:24:00,2018-04-03 23:40:00,5.2,1,0,4,2018-04-03 19:01:00,268.75000002,1,2018-04-03,True
2018-04-03 23:29:00,0.05,fast,2018-04-03 23:24:00,2018-04-03 23:40:00,5.2,0,1,4,2018-04-03 19:01:00,268.75000002,1,2018-04-03,True
2018-04-03 23:31:00,0.00017063685000000002,Other,2018-04-03 23:24:00,2018-04-03 23:40:00,6.7,1,0,4,2018-04-03 19:01:00,270.25000002,1,2018-04-03,True
2018-04-03 23:34:00,0.03333333333333333,fast,2018-04-03 23:24:00,2018-04-03 23:40:00,9.95,0,1,4,2018-04-03 19:01:00,273.49999998,1,2018-04-03,True
2018-04-03 23:40:00,0.03333333333333333,rat,2018-04-03 23:24:00,2018-04-03 23:40:00,15.816666666666666,1,0,4,2018-04-03 19:01:00,279.36666666,1,2018-04-03,True
2018-04-04 00:48:00,0.05,rat,2018-04-04 00:48:00,2018-04-04 00:58:00,0.2,1,0,4,2018-04-03 19:01:00,347.28333336,1,2018-04-04,True
2018-04-04 00:48:00,0.06666666666666667,fast,2018-04-04 00:48:00,2018-04-04 00:58:00,0.4166666666666667,0,1,4,2018-04-03 19:01:00,347.50000002,1,2018-04-04,True
2018-04-04 00:49:00,0.03333333333333333,fast,2018-04-04 00:48:00,2018-04-04 00:58:00,1.6166666666666667,0,1,4,2018-04-03 19:01:00,348.70000002,1,2018-04-04,True
2018-04-04 00:49:00,0.03333333333333333,fast,2018-04-04 00:48:00,2018-04-04 00:58:00,1.8666666666666667,0,1,4,2018-04-03 19:01:00,348.94999998,1,2018-04-04,True
2018-04-04 00:49:00,0.36666666666666664,Other,2018-04-04 00:48:00,2018-04-04 00:58:00,0.9833333333333333,1,0,4,2018-04-03 19:01:00,348.06666666,1,2018-04-04,True
2018-04-04 00:49:00,0.03333333333333333,Unknown,2018-04-04 00:48:00,2018-04-04 00:58:00,1.05,0,0,4,2018-04-03 19:01:00,348.13333332,1,2018-04-04,True
2018-04-04 00:50:00,0.06666666666666667,rat,2018-04-04 00:48:00,2018-04-04 00:58:00,2.75,1,0,4,2018-04-03 19:01:00,349.83333336,1,2018-04-04,True
2018-04-04 00:51:00,0.06666666666666667,fast,2018-04-04 00:48:00,2018-04-04 00:58:00,3.6166666666666667,0,1,4,2018-04-03 19:01:00,350.7,1,2018-04-04,True
2018-04-04 00:54:00,0.016666666666666666,rat,2018-04-04 00:48:00,2018-04-04 00:58:00,5.95,1,0,4,2018-04-03 19:01:00,353.03333333999996,1,2018-04-04,True
2018-04-04 00:55:00,0.23333333333333334,rat,2018-04-04 00:48:00,2018-04-04 00:58:00,6.966666666666667,1,0,4,2018-04-03 19:01:00,354.04999998,1,2018-04-04,True
2018-04-04 00:58:00,0.016666666666666666,fast,2018-04-04 00:48:00,2018-04-04 00:58:00,10.4,0,1,4,2018-04-03 19:01:00,357.48333335999996,1,2018-04-04,True
2018-04-04 00:58:00,0.0007871006666666666,Unknown,2018-04-04 00:48:00,2018-04-04 00:58:00,10.533333333333333,0,0,4,2018-04-03 19:01:00,357.61666668,1,2018-04-04,True
2018-04-04 00:58:00,0.0003761962166666667,Unknown,2018-04-04 00:48:00,2018-04-04 00:58:00,10.85,0,0,4,2018-04-03 19:01:00,357.93333336,1,2018-04-04,True
2018-04-09 22:12:00,0.016666666666666666,Unknown,2018-04-09 22:10:00,2018-04-09 22:12:00,2.15,0,0,4,2018-04-09 19:05:00,187.5,1,2018-04-09,True
2018-04-09 22:12:00,0.0008702473833333333,Unknown,2018-04-09 22:10:00,2018-04-09 22:12:00,2.316666666666667,0,0,4,2018-04-09 19:05:00,187.66666668,1,2018-04-09,True
2018-04-15 21:28:00,0.15,Unknown,2018-04-15 21:24:00,2018-04-15 21:29:00,3.1333333333333333,0,0,4,2018-04-15 19:10:00,138.03333336,1,2018-04-15,True
2018-04-15 21:28:00,0.016666666666666666,Unknown,2018-04-15 21:24:00,2018-04-15 21:29:00,3.966666666666667,0,0,4,2018-04-15 19:10:00,138.86666663999998,1,2018-04-15,True
2018-04-18 05:19:00,0.016666666666666666,fast,2018-04-18 05:15:00,2018-04-18 05:25:00,4.383333333333334,0,1,4,2018-04-17 19:11:00,608.9666664,1,2018-04-18,True
2018-04-18 19:01:00,0.0014114979666666667,Unknown,2018-04-18 19:01:00,2018-04-18 19:01:00,0.4,0,0,4,2018-04-18 19:12:00,-10.53333336,1,2018-04-18,True
2018-04-18 20:41:00,0.0004833917333333333,Unknown,2018-04-18 20:40:00,2018-04-18 20:43:00,1.1833333333333333,0,0,4,2018-04-18 19:12:00,89.51666664,1,2018-04-18,True
2018-04-18 20:42:00,0.016666666666666666,others,2018-04-18 20:40:00,2018-04-18 20:43:00,2.65,1,0,4,2018-04-18 19:12:00,90.98333334,1,2018-04-18,True
2018-04-18 20:43:00,0.2,others,2018-04-18 20:40:00,2018-04-18 20:43:00,3.316666666666667,1,0,4,2018-04-18 19:12:00,91.65,1,2018-04-18,True
2018-04-18 20:59:00,0.0015564596333333333,Unknown,2018-04-18 20:56:00,2018-04-18 20:59:00,3.3333333333333335,0,0,4,2018-04-18 19:12:00,107.53333332,1,2018-04-18,True
2018-04-19 00:19:00,0.11666666666666667,pick,2018-04-19 00:18:00,2018-04-19 00:19:00,0.9833333333333333,0,1,4,2018-04-18 19:12:00,307.13333334,1,2018-04-19,True
2018-04-19 01:15:00,0.05,fast,2018-04-19 01:12:00,2018-04-19 01:18:00,3.1166666666666667,0,1,4,2018-04-18 19:12:00,363.48333336,1,2018-04-19,True
2018-04-19 04:31:00,0.13333333333333333,rat,2018-04-19 04:28:00,2018-04-19 04:34:00,3.3333333333333335,1,0,4,2018-04-18 19:12:00,559.90000002,1,2018-04-19,True
2018-04-19 04:32:00,0.016666666666666666,fast,2018-04-19 04:28:00,2018-04-19 04:34:00,3.5,0,1,4,2018-04-18 19:12:00,560.06666664,1,2018-04-19,True
2018-04-19 04:33:00,0.08333333333333333,pick,2018-04-19 04:28:00,2018-04-19 04:34:00,4.566666666666666,0,1,4,2018-04-18 19:12:00,561.13333332,1,2018-04-19,True
2018-04-19 04:33:00,0.23333333333333334,pick,2018-04-19 04:28:00,2018-04-19 04:34:00,4.666666666666667,0,1,4,2018-04-18 19:12:00,561.2333333400001,1,2018-04-19,True
2018-04-19 19:25:00,0.0008534559666666667,fast,2018-04-19 19:23:00,2018-04-19 19:33:00,1.25,0,1,4,2018-04-19 19:12:00,13.033333319999999,1,2018-04-19,True
2018-04-19 19:26:00,0.016666666666666666,fast,2018-04-19 19:23:00,2018-04-19 19:33:00,2.783333333333333,0,1,4,2018-04-19 19:12:00,14.56666668,1,2018-04-19,True
2018-04-19 19:27:00,0.016666666666666666,fast,2018-04-19 19:23:00,2018-04-19 19:33:00,3.8333333333333335,0,1,4,2018-04-19 19:12:00,15.616666680000002,1,2018-04-19,True
2018-04-19 19:32:00,0.08333333333333333,rat,2018-04-19 19:23:00,2018-04-19 19:33:00,9.116666666666667,1,0,4,2018-04-19 19:12:00,20.89999998,1,2018-04-19,True
2018-04-19 21:33:00,0.0006630890166666667,rat,2018-04-19 21:29:00,2018-04-19 21:39:00,3.6666666666666665,1,0,4,2018-04-19 19:12:00,141.63333336,1,2018-04-19,True
2018-04-19 21:37:00,0.06666666666666667,both,2018-04-19 21:29:00,2018-04-19 21:39:00,7.616666666666666,0,0,4,2018-04-19 19:12:00,145.58333334,1,2018-04-19,True
2018-04-19 21:38:00,0.05,pick,2018-04-19 21:29:00,2018-04-19 21:39:00,8.116666666666667,0,1,4,2018-04-19 19:12:00,146.08333332,1,2018-04-19,True
2018-04-19 21:38:00,0.03333333333333333,rat,2018-04-19 21:29:00,2018-04-19 21:39:00,8.216666666666667,1,0,4,2018-04-19 19:12:00,146.18333334,1,2018-04-19,True
2018-04-19 22:34:00,0.06666666666666667,rat,2018-04-19 22:34:00,2018-04-19 22:43:00,0.36666666666666664,1,0,4,2018-04-19 19:12:00,202.91666664000002,1,2018-04-19,True
2018-04-19 22:36:00,0.06666666666666667,both,2018-04-19 22:34:00,2018-04-19 22:43:00,1.8166666666666667,0,0,4,2018-04-19 19:12:00,204.36666666,1,2018-04-19,True
2018-04-19 22:42:00,0.016666666666666666,rat,2018-04-19 22:34:00,2018-04-19 22:43:00,7.866666666666666,1,0,4,2018-04-19 19:12:00,210.41666664000002,1,2018-04-19,True
2018-04-20 00:02:00,0.06666666666666667,both,2018-04-20 00:00:00,2018-04-20 00:18:00,2.5833333333333335,0,0,4,2018-04-19 19:12:00,290.93333334000005,1,2018-04-20,True
2018-04-20 00:03:00,0.23333333333333334,rat,2018-04-20 00:00:00,2018-04-20 00:18:00,3.45,1,0,4,2018-04-19 19:12:00,291.79999998,1,2018-04-20,True
2018-04-20 00:03:00,0.2,pick,2018-04-20 00:00:00,2018-04-20 00:18:00,3.0833333333333335,0,1,4,2018-04-19 19:12:00,291.43333332,1,2018-04-20,True
2018-04-20 00:04:00,0.00026968445,rat,2018-04-20 00:00:00,2018-04-20 00:18:00,4.366666666666666,1,0,4,2018-04-19 19:12:00,292.71666666,1,2018-04-20,True
2018-04-20 00:04:00,0.08333333333333333,rat,2018-04-20 00:00:00,2018-04-20 00:18:00,3.9166666666666665,1,0,4,2018-04-19 19:12:00,292.26666666,1,2018-04-20,True
2018-04-20 00:05:00,0.05,rat and bat,2018-04-20 00:00:00,2018-04-20 00:18:00,5.333333333333333,1,0,4,2018-04-19 19:12:00,293.68333332000003,1,2018-04-20,True
2018-04-20 00:05:00,0.06666666666666667,rat and bat,2018-04-20 00:00:00,2018-04-20 00:18:00,4.916666666666667,1,0,4,2018-04-19 19:12:00,293.26666668,1,2018-04-20,True
2018-04-20 00:06:00,0.3,rat and bat,2018-04-20 00:00:00,2018-04-20 00:18:00,5.683333333333334,1,0,4,2018-04-19 19:12:00,294.03333336,1,2018-04-20,True
2018-04-20 00:08:00,0.18333333333333332,rat,2018-04-20 00:00:00,2018-04-20 00:18:00,8.466666666666667,1,0,4,2018-04-19 19:12:00,296.81666664,1,2018-04-20,True
2018-04-20 00:10:00,0.016666666666666666,fast,2018-04-20 00:00:00,2018-04-20 00:18:00,9.65,0,1,4,2018-04-19 19:12:00,298.00000002,1,2018-04-20,True
2018-04-20 00:11:00,0.0015630744333333332,fast,2018-04-20 00:00:00,2018-04-20 00:18:00,11.216666666666667,0,1,4,2018-04-19 19:12:00,299.56666667999997,1,2018-04-20,True
2018-04-20 00:11:00,0.0003210979666666667,fast,2018-04-20 00:00:00,2018-04-20 00:18:00,11.616666666666667,0,1,4,2018-04-19 19:12:00,299.96666663999997,1,2018-04-20,True
2018-04-20 00:12:00,0.016666666666666666,fast,2018-04-20 00:00:00,2018-04-20 00:18:00,11.85,0,1,4,2018-04-19 19:12:00,300.19999998,1,2018-04-20,True
2018-04-20 00:13:00,0.1,fast,2018-04-20 00:00:00,2018-04-20 00:18:00,13.483333333333333,0,1,4,2018-04-19 19:12:00,301.83333336000004,1,2018-04-20,True
2018-04-20 00:14:00,0.16666666666666666,rat,2018-04-20 00:00:00,2018-04-20 00:18:00,13.75,1,0,4,2018-04-19 19:12:00,302.1,1,2018-04-20,True
2018-04-20 00:14:00,0.0009820034166666666,fast,2018-04-20 00:00:00,2018-04-20 00:18:00,14.383333333333333,0,1,4,2018-04-19 19:12:00,302.73333336,1,2018-04-20,True
2018-04-20 02:00:00,0.00041437003333333333,fast,2018-04-20 01:59:00,2018-04-20 02:03:00,0.65,0,1,4,2018-04-19 19:12:00,408.16666668,1,2018-04-20,True
2018-04-20 02:00:00,0.016666666666666666,fast,2018-04-20 01:59:00,2018-04-20 02:03:00,0.6833333333333333,0,1,4,2018-04-19 19:12:00,408.19999998000003,1,2018-04-20,True
2018-04-20 02:00:00,0.16666666666666666,rat,2018-04-20 01:59:00,2018-04-20 02:03:00,1.0833333333333333,1,0,4,2018-04-19 19:12:00,408.59999999999997,1,2018-04-20,True
2018-04-20 02:00:00,0.016666666666666666,fast,2018-04-20 01:59:00,2018-04-20 02:03:00,1.4,0,1,4,2018-04-19 19:12:00,408.91666668,1,2018-04-20,True
2018-04-20 02:01:00,0.016666666666666666,fast,2018-04-20 01:59:00,2018-04-20 02:03:00,2.033333333333333,0,1,4,2018-04-19 19:12:00,409.54999998,1,2018-04-20,True
2018-04-20 02:01:00,0.0002334055333333333,fast,2018-04-20 01:59:00,2018-04-20 02:03:00,2.35,0,1,4,2018-04-19 19:12:00,409.86666666,1,2018-04-20,True
2018-04-20 02:02:00,0.11666666666666667,rat,2018-04-20 01:59:00,2018-04-20 02:03:00,2.7333333333333334,1,0,4,2018-04-19 19:12:00,410.25,1,2018-04-20,True
2018-04-20 02:03:00,0.11666666666666667,pick,2018-04-20 01:59:00,2018-04-20 02:03:00,3.6,0,1,4,2018-04-19 19:12:00,411.11666664,1,2018-04-20,True
2018-04-20 02:48:00,0.016666666666666666,Unknown,2018-04-20 02:44:00,2018-04-20 02:51:00,4.133333333333334,0,0,4,2018-04-19 19:12:00,456.88333332,1,2018-04-20,True
2018-04-20 02:48:00,0.05,rat,2018-04-20 02:44:00,2018-04-20 02:51:00,3.5,1,0,4,2018-04-19 19:12:00,456.25000002,1,2018-04-20,True
2018-04-20 02:48:00,0.1,rat,2018-04-20 02:44:00,2018-04-20 02:51:00,3.9166666666666665,1,0,4,2018-04-19 19:12:00,456.66666666,1,2018-04-20,True
2018-04-20 02:49:00,0.06666666666666667,pick,2018-04-20 02:44:00,2018-04-20 02:51:00,4.483333333333333,0,1,4,2018-04-19 19:12:00,457.23333336,1,2018-04-20,True
2018-04-20 02:49:00,0.08333333333333333,pick,2018-04-20 02:44:00,2018-04-20 02:51:00,5.05,0,1,4,2018-04-19 19:12:00,457.8,1,2018-04-20,True
2018-04-20 02:51:00,0.43333333333333335,Unknown,2018-04-20 02:44:00,2018-04-20 02:51:00,6.25,0,0,4,2018-04-19 19:12:00,459.0,1,2018-04-20,True
2018-04-20 03:27:00,0.06666666666666667,fast,2018-04-20 03:24:00,2018-04-20 03:36:00,3.0,0,1,4,2018-04-19 19:12:00,495.10000002000004,1,2018-04-20,True
2018-04-20 03:31:00,0.06666666666666667,fast,2018-04-20 03:24:00,2018-04-20 03:36:00,7.783333333333333,0,1,4,2018-04-19 19:12:00,499.88333334,1,2018-04-20,True
2018-04-20 03:32:00,0.16666666666666666,rat,2018-04-20 03:24:00,2018-04-20 03:36:00,8.683333333333334,1,0,4,2018-04-19 19:12:00,500.78333334,1,2018-04-20,True
2018-04-20 03:32:00,0.16666666666666666,pick,2018-04-20 03:24:00,2018-04-20 03:36:00,8.533333333333333,0,1,4,2018-04-19 19:12:00,500.63333334000004,1,2018-04-20,True
2018-04-20 03:33:00,0.05,fast,2018-04-20 03:24:00,2018-04-20 03:36:00,9.85,0,1,4,2018-04-19 19:12:00,501.94999998,1,2018-04-20,True
2018-04-20 03:33:00,0.03333333333333333,fast,2018-04-20 03:24:00,2018-04-20 03:36:00,9.116666666666667,0,1,4,2018-04-19 19:12:00,501.21666666,1,2018-04-20,True
2018-04-20 03:33:00,0.016666666666666666,fast,2018-04-20 03:24:00,2018-04-20 03:36:00,9.55,0,1,4,2018-04-19 19:12:00,501.64999998,1,2018-04-20,True
2018-04-20 03:34:00,0.05,pick,2018-04-20 03:24:00,2018-04-20 03:36:00,10.35,0,1,4,2018-04-19 19:12:00,502.45000002000006,1,2018-04-20,True
2018-04-20 03:35:00,0.06666666666666667,rat and bat,2018-04-20 03:24:00,2018-04-20 03:36:00,10.916666666666666,1,0,4,2018-04-19 19:12:00,503.01666666000006,1,2018-04-20,True
2018-04-20 03:57:00,0.05,fast,2018-04-20 03:51:00,2018-04-20 04:01:00,5.5,0,1,4,2018-04-19 19:12:00,525.36666666,1,2018-04-20,True
2018-04-20 03:59:00,0.0011425714333333334,fast,2018-04-20 03:51:00,2018-04-20 04:01:00,8.116666666666667,0,1,4,2018-04-19 19:12:00,527.9833333199999,1,2018-04-20,True
2018-04-20 04:00:00,0.05,pick,2018-04-20 03:51:00,2018-04-20 04:01:00,8.7,0,1,4,2018-04-19 19:12:00,528.56666664,1,2018-04-20,True
2018-04-20 19:22:00,0.016666666666666666,fast,2018-04-20 19:18:00,2018-04-20 19:26:00,4.233333333333333,0,1,4,2018-04-20 19:13:00,9.88333332,1,2018-04-20,True
2018-04-20 19:25:00,0.0006580208166666667,fast,2018-04-20 19:18:00,2018-04-20 19:26:00,7.333333333333333,0,1,4,2018-04-20 19:13:00,12.98333334,1,2018-04-20,True
2018-04-20 19:25:00,0.08333333333333333,fast,2018-04-20 19:18:00,2018-04-20 19:26:00,6.383333333333334,0,1,4,2018-04-20 19:13:00,12.03333336,1,2018-04-20,True
2018-04-20 21:06:00,0.06666666666666667,rat and pick,2018-04-20 21:05:00,2018-04-20 21:11:00,1.2166666666666666,1,1,4,2018-04-20 19:13:00,113.50000002,1,2018-04-20,True
2018-04-20 21:11:00,0.06666666666666667,rat,2018-04-20 21:05:00,2018-04-20 21:11:00,6.25,1,0,4,2018-04-20 19:13:00,118.53333336,1,2018-04-20,True
2018-04-20 21:21:00,0.06666666666666667,rat,2018-04-20 21:20:00,2018-04-20 21:34:00,1.5,1,0,4,2018-04-20 19:13:00,128.51666663999998,1,2018-04-20,True
2018-04-20 21:22:00,0.03333333333333333,fast,2018-04-20 21:20:00,2018-04-20 21:34:00,2.316666666666667,0,1,4,2018-04-20 19:13:00,129.33333335999998,1,2018-04-20,True
2018-04-20 21:24:00,0.4166666666666667,pick,2018-04-20 21:20:00,2018-04-20 21:34:00,4.166666666666667,0,1,4,2018-04-20 19:13:00,131.18333334,1,2018-04-20,True
2018-04-20 21:27:00,0.06666666666666667,pick,2018-04-20 21:20:00,2018-04-20 21:34:00,7.95,0,1,4,2018-04-20 19:13:00,134.96666664,1,2018-04-20,True
2018-04-20 21:59:00,0.03333333333333333,pick,2018-04-20 21:59:00,2018-04-20 21:59:00,0.2,0,1,4,2018-04-20 19:13:00,166.33333332,1,2018-04-20,True
2018-04-21 00:49:00,0.016666666666666666,pick,2018-04-21 00:49:00,2018-04-21 00:55:00,0.0,0,1,4,2018-04-20 19:13:00,336.10000002,1,2018-04-21,True
2018-04-21 00:50:00,0.06666666666666667,bat and rat,2018-04-21 00:49:00,2018-04-21 00:55:00,1.7833333333333334,1,0,4,2018-04-20 19:13:00,337.88333334000004,1,2018-04-21,True
2018-04-21 00:54:00,0.03333333333333333,bat fight,2018-04-21 00:49:00,2018-04-21 00:55:00,5.816666666666666,1,0,4,2018-04-20 19:13:00,341.91666666,1,2018-04-21,True
2018-04-21 00:54:00,0.2833333333333333,pick,2018-04-21 00:49:00,2018-04-21 00:55:00,5.6,0,1,4,2018-04-20 19:13:00,341.70000000000005,1,2018-04-21,True
2018-04-21 00:55:00,0.0011873264,fast,2018-04-21 00:49:00,2018-04-21 00:55:00,6.383333333333334,0,1,4,2018-04-20 19:13:00,342.48333335999996,1,2018-04-21,True
2018-04-21 01:44:00,0.18333333333333332,rat,2018-04-21 01:43:00,2018-04-21 01:45:00,0.4166666666666667,1,0,4,2018-04-20 19:13:00,391.00000002,1,2018-04-21,True
2018-04-21 02:08:00,0.08333333333333333,bats,2018-04-21 02:06:00,2018-04-21 02:18:00,2.0166666666666666,1,0,4,2018-04-20 19:13:00,415.98333336,1,2018-04-21,True
2018-04-21 02:09:00,0.0005539274833333333,fast,2018-04-21 02:06:00,2018-04-21 02:18:00,2.5,0,1,4,2018-04-20 19:13:00,416.46666666,1,2018-04-21,True
2018-04-21 02:09:00,0.05,pick,2018-04-21 02:06:00,2018-04-21 02:18:00,2.8666666666666667,0,1,4,2018-04-20 19:13:00,416.83333332,1,2018-04-21,True
2018-04-21 02:14:00,0.25,rat,2018-04-21 02:06:00,2018-04-21 02:18:00,7.666666666666667,1,0,4,2018-04-20 19:13:00,421.63333331999996,1,2018-04-21,True
2018-04-21 02:15:00,0.016666666666666666,fast,2018-04-21 02:06:00,2018-04-21 02:18:00,8.033333333333333,0,1,4,2018-04-20 19:13:00,421.99999998,1,2018-04-21,True
2018-04-21 02:16:00,0.016666666666666666,rat,2018-04-21 02:06:00,2018-04-21 02:18:00,9.666666666666666,1,0,4,2018-04-20 19:13:00,423.63333336,1,2018-04-21,True
2018-04-21 02:16:00,0.2833333333333333,rat,2018-04-21 02:06:00,2018-04-21 02:18:00,9.783333333333333,1,0,4,2018-04-20 19:13:00,423.75,1,2018-04-21,True
2018-04-21 02:17:00,0.03333333333333333,bat,2018-04-21 02:06:00,2018-04-21 02:18:00,10.466666666666667,1,0,4,2018-04-20 19:13:00,424.43333334,1,2018-04-21,True
2018-04-21 02:17:00,0.0009553348833333334,no food,2018-04-21 02:06:00,2018-04-21 02:18:00,10.483333333333333,0,0,4,2018-04-20 19:13:00,424.45000002,1,2018-04-21,True
2018-04-21 02:17:00,0.06666666666666667,bat fight,2018-04-21 02:06:00,2018-04-21 02:18:00,10.316666666666666,1,0,4,2018-04-20 19:13:00,424.28333333999996,1,2018-04-21,True
2018-04-21 02:17:00,0.016666666666666666,Other,2018-04-21 02:06:00,2018-04-21 02:18:00,10.35,0,0,4,2018-04-20 19:13:00,424.31666664,1,2018-04-21,True
2018-04-21 02:17:00,0.0008371066666666666,fast,2018-04-21 02:06:00,2018-04-21 02:18:00,10.05,0,1,4,2018-04-20 19:13:00,424.01666664,1,2018-04-21,True
2018-04-21 02:17:00,0.03333333333333333,fast,2018-04-21 02:06:00,2018-04-21 02:18:00,10.633333333333333,0,1,4,2018-04-20 19:13:00,424.60000002,1,2018-04-21,True
2018-04-21 03:26:00,0.016666666666666666,fast,2018-04-21 03:21:00,2018-04-21 03:26:00,4.35,0,1,4,2018-04-20 19:13:00,493.11666665999996,1,2018-04-21,True
2018-04-21 03:26:00,0.1,rat,2018-04-21 03:21:00,2018-04-21 03:26:00,4.65,1,0,4,2018-04-20 19:13:00,493.41666666000003,1,2018-04-21,True
2018-04-21 05:54:00,0.06666666666666667,fast,2018-04-21 05:50:00,2018-04-21 06:09:00,4.75,0,1,4,2018-04-20 19:13:00,641.9333333999999,1,2018-04-21,True
2018-04-21 19:30:00,0.06666666666666667,rat,2018-04-21 19:30:00,2018-04-21 19:35:00,0.4,1,0,4,2018-04-21 19:14:00,16.616666640000002,1,2018-04-21,True
2018-04-21 19:58:00,0.016666666666666666,fast,2018-04-21 19:57:00,2018-04-21 20:06:00,0.2833333333333333,0,1,4,2018-04-21 19:14:00,44.18333334,1,2018-04-21,True
2018-04-21 19:59:00,0.3333333333333333,pick and others,2018-04-21 19:57:00,2018-04-21 20:06:00,1.8,1,1,4,2018-04-21 19:14:00,45.70000002,1,2018-04-21,True
2018-04-21 20:00:00,0.15,rat,2018-04-21 19:57:00,2018-04-21 20:06:00,2.1666666666666665,1,0,4,2018-04-21 19:14:00,46.066666680000004,1,2018-04-21,True
2018-04-21 20:05:00,0.06666666666666667,pick and others,2018-04-21 19:57:00,2018-04-21 20:06:00,7.9,1,1,4,2018-04-21 19:14:00,51.79999998,1,2018-04-21,True
2018-04-21 22:57:00,0.4166666666666667,pick,2018-04-21 22:57:00,2018-04-21 22:59:00,0.36666666666666664,0,1,4,2018-04-21 19:14:00,223.84999998,1,2018-04-21,True
2018-04-21 22:57:00,0.016666666666666666,fast,2018-04-21 22:57:00,2018-04-21 22:59:00,0.11666666666666667,0,1,4,2018-04-21 19:14:00,223.60000001999998,1,2018-04-21,True
2018-04-21 22:58:00,0.23333333333333334,pick and others,2018-04-21 22:57:00,2018-04-21 22:59:00,1.4666666666666666,1,1,4,2018-04-21 19:14:00,224.95000002,1,2018-04-21,True
2018-04-21 22:59:00,0.13333333333333333,bat,2018-04-21 22:57:00,2018-04-21 22:59:00,1.6166666666666667,1,0,4,2018-04-21 19:14:00,225.10000001999998,1,2018-04-21,True
2018-04-21 22:59:00,0.1,pick,2018-04-21 22:57:00,2018-04-21 22:59:00,1.7,0,1,4,2018-04-21 19:14:00,225.18333336,1,2018-04-21,True
2018-04-21 23:52:00,0.1,pick,2018-04-21 23:50:00,2018-04-21 23:56:00,2.1,0,1,4,2018-04-21 19:14:00,278.68333332000003,1,2018-04-21,True
2018-04-21 23:52:00,0.43333333333333335,pick and others,2018-04-21 23:50:00,2018-04-21 23:56:00,1.8666666666666667,1,1,4,2018-04-21 19:14:00,278.44999998,1,2018-04-21,True
2018-04-21 23:53:00,0.4,pick and bat,2018-04-21 23:50:00,2018-04-21 23:56:00,3.2666666666666666,1,1,4,2018-04-21 19:14:00,279.85000002,1,2018-04-21,True
2018-04-21 23:54:00,0.016666666666666666,fast,2018-04-21 23:50:00,2018-04-21 23:56:00,4.3,0,1,4,2018-04-21 19:14:00,280.88333334,1,2018-04-21,True
2018-04-21 23:55:00,0.31666666666666665,fast,2018-04-21 23:50:00,2018-04-21 23:56:00,4.783333333333333,0,1,4,2018-04-21 19:14:00,281.36666664,1,2018-04-21,True
2018-04-22 01:25:00,0.05,fast,2018-04-22 01:25:00,2018-04-22 01:26:00,0.0,0,1,4,2018-04-21 19:14:00,371.25,1,2018-04-22,True
2018-04-22 01:25:00,0.1,pick,2018-04-22 01:25:00,2018-04-22 01:26:00,0.23333333333333334,0,1,4,2018-04-21 19:14:00,371.48333334,1,2018-04-22,True
2018-04-22 01:26:00,0.016666666666666666,fast,2018-04-22 01:25:00,2018-04-22 01:26:00,0.8,0,1,4,2018-04-21 19:14:00,372.04999998,1,2018-04-22,True
2018-04-22 01:49:00,0.11666666666666667,bats,2018-04-22 01:48:00,2018-04-22 01:50:00,0.4666666666666667,1,0,4,2018-04-21 19:14:00,394.99999998,1,2018-04-22,True
2018-04-22 01:49:00,0.016666666666666666,pick,2018-04-22 01:48:00,2018-04-22 01:50:00,0.9833333333333333,0,1,4,2018-04-21 19:14:00,395.51666664,1,2018-04-22,True
2018-04-22 01:50:00,0.26666666666666666,bats,2018-04-22 01:48:00,2018-04-22 01:50:00,1.8166666666666667,1,0,4,2018-04-21 19:14:00,396.34999998,1,2018-04-22,True
2018-04-22 02:13:00,0.18333333333333332,pick,2018-04-22 02:13:00,2018-04-22 02:17:00,0.38333333333333336,0,1,4,2018-04-21 19:14:00,419.38333332,1,2018-04-22,True
2018-04-22 02:15:00,0.3,pick,2018-04-22 02:13:00,2018-04-22 02:17:00,2.35,0,1,4,2018-04-21 19:14:00,421.35,1,2018-04-22,True
2018-04-22 02:16:00,0.03333333333333333,pick,2018-04-22 02:13:00,2018-04-22 02:17:00,3.183333333333333,0,1,4,2018-04-21 19:14:00,422.18333334000005,1,2018-04-22,True
2018-04-22 03:36:00,0.03333333333333333,fast,2018-04-22 03:31:00,2018-04-22 03:44:00,5.15,0,1,4,2018-04-21 19:14:00,502.78333332,1,2018-04-22,True
2018-04-22 03:39:00,0.11666666666666667,pick,2018-04-22 03:31:00,2018-04-22 03:44:00,8.35,0,1,4,2018-04-21 19:14:00,505.98333335999996,1,2018-04-22,True
2018-04-22 03:39:00,0.016666666666666666,fast,2018-04-22 03:31:00,2018-04-22 03:44:00,8.033333333333333,0,1,4,2018-04-21 19:14:00,505.66666667999993,1,2018-04-22,True
2018-04-22 03:42:00,0.06666666666666667,bat,2018-04-22 03:31:00,2018-04-22 03:44:00,11.1,1,0,4,2018-04-21 19:14:00,508.73333334,1,2018-04-22,True
2018-04-22 03:42:00,0.1,pick,2018-04-22 03:31:00,2018-04-22 03:44:00,10.983333333333333,0,1,4,2018-04-21 19:14:00,508.61666664000006,1,2018-04-22,True
2018-04-22 03:43:00,0.08333333333333333,fast,2018-04-22 03:31:00,2018-04-22 03:44:00,11.783333333333333,0,1,4,2018-04-21 19:14:00,509.41666667999993,1,2018-04-22,True
2018-04-22 03:43:00,0.03333333333333333,fast,2018-04-22 03:31:00,2018-04-22 03:44:00,12.033333333333333,0,1,4,2018-04-21 19:14:00,509.6666666400001,1,2018-04-22,True
2018-04-22 03:43:00,0.38333333333333336,bat and rat,2018-04-22 03:31:00,2018-04-22 03:44:00,12.233333333333333,1,0,4,2018-04-21 19:14:00,509.86666668,1,2018-04-22,True
2018-04-22 03:44:00,0.21666666666666667,pick and rat,2018-04-22 03:31:00,2018-04-22 03:44:00,12.816666666666666,1,1,4,2018-04-21 19:14:00,510.45000000000005,1,2018-04-22,True
2018-04-22 05:27:00,0.03333333333333333,fast,2018-04-22 05:21:00,2018-04-22 05:55:00,6.2,0,1,4,2018-04-21 19:14:00,613.9833336,1,2018-04-22,True
2018-04-22 19:38:00,0.08333333333333333,bat,2018-04-22 19:38:00,2018-04-22 19:42:00,0.15,1,0,4,2018-04-22 19:14:00,24.150000000000002,1,2018-04-22,True
2018-04-22 19:41:00,0.03333333333333333,fast,2018-04-22 19:38:00,2018-04-22 19:42:00,3.3833333333333333,0,1,4,2018-04-22 19:14:00,27.38333334,1,2018-04-22,True
2018-04-23 00:11:00,0.11666666666666667,pick,2018-04-23 00:08:00,2018-04-23 00:12:00,2.683333333333333,0,1,4,2018-04-22 19:14:00,297.3,1,2018-04-23,True
2018-04-23 00:12:00,0.03333333333333333,pick,2018-04-23 00:08:00,2018-04-23 00:12:00,3.966666666666667,0,1,4,2018-04-22 19:14:00,298.58333333999997,1,2018-04-23,True
2018-04-23 00:46:00,0.08333333333333333,fast,2018-04-23 00:45:00,2018-04-23 00:50:00,1.0666666666666667,0,1,4,2018-04-22 19:14:00,332.18333334000005,1,2018-04-23,True
2018-04-23 00:47:00,0.06666666666666667,pick,2018-04-23 00:45:00,2018-04-23 00:50:00,2.683333333333333,0,1,4,2018-04-22 19:14:00,333.79999998,1,2018-04-23,True
2018-04-23 00:48:00,0.06666666666666667,pick,2018-04-23 00:45:00,2018-04-23 00:50:00,2.9,0,1,4,2018-04-22 19:14:00,334.01666664,1,2018-04-23,True
2018-04-23 00:49:00,0.06666666666666667,pick,2018-04-23 00:45:00,2018-04-23 00:50:00,4.383333333333334,0,1,4,2018-04-22 19:14:00,335.50000002,1,2018-04-23,True
2018-04-23 00:49:00,0.26666666666666666,pick,2018-04-23 00:45:00,2018-04-23 00:50:00,4.6,0,1,4,2018-04-22 19:14:00,335.71666668,1,2018-04-23,True
2018-04-23 01:08:00,0.016666666666666666,fast,2018-04-23 01:07:00,2018-04-23 01:10:00,1.75,0,1,4,2018-04-22 19:14:00,354.96666666,1,2018-04-23,True
2018-04-23 01:10:00,0.03333333333333333,fast,2018-04-23 01:07:00,2018-04-23 01:10:00,3.05,0,1,4,2018-04-22 19:14:00,356.26666668,1,2018-04-23,True
2018-04-23 01:41:00,0.05,pick,2018-04-23 01:41:00,2018-04-23 01:44:00,0.016666666666666666,0,1,4,2018-04-22 19:14:00,387.36666666,1,2018-04-23,True
2018-04-23 19:51:00,0.03333333333333333,Other,2018-04-23 19:51:00,2018-04-23 19:51:00,0.08333333333333333,0,1,4,2018-04-23 19:15:00,36.33333336,1,2018-04-23,True
2018-04-24 03:57:00,0.45,Other,2018-04-24 03:51:00,2018-04-24 03:57:00,6.483333333333333,1,0,4,2018-04-23 19:15:00,522.86666664,1,2018-04-24,True
2018-04-24 05:16:00,0.08333333333333333,Unknown,2018-04-24 05:14:00,2018-04-24 05:19:00,1.2,0,0,4,2018-04-23 19:15:00,601.1500002,1,2018-04-24,True
2018-04-25 19:25:00,0.06666666666666667,pick and rat,2018-04-25 19:24:00,2018-04-25 19:32:00,0.95,1,1,4,2018-04-25 19:17:00,8.316666660000001,1,2018-04-25,True
2018-04-25 19:31:00,0.06666666666666667,pick,2018-04-25 19:24:00,2018-04-25 19:32:00,7.216666666666667,0,1,4,2018-04-25 19:17:00,14.583333360000001,1,2018-04-25,True
2018-04-26 21:25:00,0.08333333333333333,bat and rat,2018-04-26 21:24:00,2018-04-26 21:26:00,1.1,1,0,4,2018-04-26 19:17:00,128.88333336,1,2018-04-26,True
2018-04-26 21:25:00,0.03333333333333333,bat and rat,2018-04-26 21:24:00,2018-04-26 21:26:00,0.48333333333333334,1,0,4,2018-04-26 19:17:00,128.26666668,1,2018-04-26,True
2018-04-26 21:25:00,0.1,rat,2018-04-26 21:24:00,2018-04-26 21:26:00,0.36666666666666664,1,0,4,2018-04-26 19:17:00,128.14999998,1,2018-04-26,True
2018-04-26 21:25:00,0.06666666666666667,pick and all,2018-04-26 21:24:00,2018-04-26 21:26:00,0.31666666666666665,1,1,4,2018-04-26 19:17:00,128.1,1,2018-04-26,True
2018-04-26 21:25:00,0.13333333333333333,bat and pick,2018-04-26 21:24:00,2018-04-26 21:26:00,0.75,1,1,4,2018-04-26 19:17:00,128.53333332,1,2018-04-26,True
2018-04-26 21:26:00,0.25,bat fight,2018-04-26 21:24:00,2018-04-26 21:26:00,1.4666666666666666,1,0,4,2018-04-26 19:17:00,129.25000002000002,1,2018-04-26,True
2018-04-26 21:26:00,0.06666666666666667,Other,2018-04-26 21:24:00,2018-04-26 21:26:00,1.6833333333333333,1,1,4,2018-04-26 19:17:00,129.46666668,1,2018-04-26,True
2018-04-26 21:26:00,0.03333333333333333,bat fight,2018-04-26 21:24:00,2018-04-26 21:26:00,1.2666666666666666,1,0,4,2018-04-26 19:17:00,129.04999998,1,2018-04-26,True
2018-04-26 22:25:00,0.25,bat,2018-04-26 22:25:00,2018-04-26 22:36:00,0.26666666666666666,1,0,4,2018-04-26 19:17:00,188.88333336,1,2018-04-26,True
2018-04-26 22:26:00,0.3,bat and pick,2018-04-26 22:25:00,2018-04-26 22:36:00,0.55,1,1,4,2018-04-26 19:17:00,189.16666668,1,2018-04-26,True
2018-04-26 22:26:00,0.05,pick,2018-04-26 22:25:00,2018-04-26 22:36:00,1.0833333333333333,0,1,4,2018-04-26 19:17:00,189.70000002,1,2018-04-26,True
2018-04-26 22:26:00,0.21666666666666667,bat and pick,2018-04-26 22:25:00,2018-04-26 22:36:00,1.35,1,1,4,2018-04-26 19:17:00,189.96666666000002,1,2018-04-26,True
2018-04-26 22:26:00,0.23333333333333334,bat and pick,2018-04-26 22:25:00,2018-04-26 22:36:00,1.35,1,1,4,2018-04-26 19:17:00,189.96666666000002,1,2018-04-26,True
2018-04-26 22:27:00,0.11666666666666667,bat and rat,2018-04-26 22:25:00,2018-04-26 22:36:00,2.1,1,0,4,2018-04-26 19:17:00,190.71666666,1,2018-04-26,True
2018-04-26 22:27:00,0.016666666666666666,Unknown,2018-04-26 22:25:00,2018-04-26 22:36:00,2.066666666666667,0,0,4,2018-04-26 19:17:00,190.68333336,1,2018-04-26,True
2018-04-26 22:27:00,0.16666666666666666,bat and pick,2018-04-26 22:25:00,2018-04-26 22:36:00,1.5333333333333334,1,1,4,2018-04-26 19:17:00,190.15000002,1,2018-04-26,True
2018-04-26 22:28:00,0.26666666666666666,bat and pick,2018-04-26 22:25:00,2018-04-26 22:36:00,3.05,1,1,4,2018-04-26 19:17:00,191.66666664000002,1,2018-04-26,True
2018-04-26 22:28:00,0.05,pick,2018-04-26 22:25:00,2018-04-26 22:36:00,3.3666666666666667,0,1,4,2018-04-26 19:17:00,191.98333332,1,2018-04-26,True
2018-04-26 22:29:00,0.016666666666666666,fast,2018-04-26 22:25:00,2018-04-26 22:36:00,3.5833333333333335,0,1,4,2018-04-26 19:17:00,192.19999997999997,1,2018-04-26,True
2018-04-26 22:30:00,0.016666666666666666,Unknown,2018-04-26 22:25:00,2018-04-26 22:36:00,5.183333333333334,0,0,4,2018-04-26 19:17:00,193.8,1,2018-04-26,True
2018-04-26 22:30:00,0.06666666666666667,pick,2018-04-26 22:25:00,2018-04-26 22:36:00,5.3,0,1,4,2018-04-26 19:17:00,193.91666664,1,2018-04-26,True
2018-04-26 22:30:00,0.08333333333333333,pick and bat,2018-04-26 22:25:00,2018-04-26 22:36:00,5.366666666666666,1,1,4,2018-04-26 19:17:00,193.98333336000002,1,2018-04-26,True
2018-04-26 22:30:00,0.38333333333333336,bat,2018-04-26 22:25:00,2018-04-26 22:36:00,4.566666666666666,1,0,4,2018-04-26 19:17:00,193.18333332,1,2018-04-26,True
2018-04-26 22:30:00,0.0013135736333333332,Unknown,2018-04-26 22:25:00,2018-04-26 22:36:00,5.1,0,0,4,2018-04-26 19:17:00,193.71666666000002,1,2018-04-26,True
2018-04-26 22:31:00,0.05,fast,2018-04-26 22:25:00,2018-04-26 22:36:00,5.433333333333334,0,1,4,2018-04-26 19:17:00,194.05000002000003,1,2018-04-26,True
2018-04-26 22:31:00,0.03333333333333333,fast,2018-04-26 22:25:00,2018-04-26 22:36:00,5.666666666666667,0,1,4,2018-04-26 19:17:00,194.28333336,1,2018-04-26,True
2018-04-26 22:31:00,0.06666666666666667,bat and pick,2018-04-26 22:25:00,2018-04-26 22:36:00,5.716666666666667,1,1,4,2018-04-26 19:17:00,194.33333334,1,2018-04-26,True
2018-04-26 22:32:00,0.05,fast,2018-04-26 22:25:00,2018-04-26 22:36:00,6.533333333333333,0,1,4,2018-04-26 19:17:00,195.15,1,2018-04-26,True
2018-04-26 22:32:00,0.05,Unknown,2018-04-26 22:25:00,2018-04-26 22:36:00,6.766666666666667,0,0,4,2018-04-26 19:17:00,195.38333334,1,2018-04-26,True
2018-04-26 22:33:00,0.016666666666666666,Unknown,2018-04-26 22:25:00,2018-04-26 22:36:00,7.483333333333333,0,0,4,2018-04-26 19:17:00,196.09999998,1,2018-04-26,True
2018-04-26 22:33:00,0.016666666666666666,Unknown,2018-04-26 22:25:00,2018-04-26 22:36:00,7.983333333333333,0,0,4,2018-04-26 19:17:00,196.60000002,1,2018-04-26,True
2018-04-26 22:34:00,0.06666666666666667,bat and pick,2018-04-26 22:25:00,2018-04-26 22:36:00,8.65,1,1,4,2018-04-26 19:17:00,197.26666668000001,1,2018-04-26,True
2018-04-26 22:34:00,0.06666666666666667,Other,2018-04-26 22:25:00,2018-04-26 22:36:00,9.266666666666667,1,1,4,2018-04-26 19:17:00,197.88333336,1,2018-04-26,True
2018-04-26 22:35:00,0.03333333333333333,Other,2018-04-26 22:25:00,2018-04-26 22:36:00,10.033333333333333,1,0,4,2018-04-26 19:17:00,198.64999998000002,1,2018-04-26,True
2018-04-26 22:35:00,0.016666666666666666,rat,2018-04-26 22:25:00,2018-04-26 22:36:00,10.216666666666667,1,0,4,2018-04-26 19:17:00,198.83333334,1,2018-04-26,True
2018-04-26 22:35:00,0.03333333333333333,bat fight,2018-04-26 22:25:00,2018-04-26 22:36:00,9.9,1,0,4,2018-04-26 19:17:00,198.51666666,1,2018-04-26,True
2018-04-26 22:36:00,0.3,pick and others,2018-04-26 22:25:00,2018-04-26 22:36:00,10.583333333333334,1,1,4,2018-04-26 19:17:00,199.2,1,2018-04-26,True
2018-04-26 23:05:00,0.0004719229833333334,fast,2018-04-26 23:04:00,2018-04-26 23:09:00,0.36666666666666664,0,1,4,2018-04-26 19:17:00,228.3,1,2018-04-26,True
2018-04-26 23:05:00,0.1,pick and bat,2018-04-26 23:04:00,2018-04-26 23:09:00,0.6166666666666667,1,1,4,2018-04-26 19:17:00,228.55000002,1,2018-04-26,True
2018-04-26 23:05:00,0.15,bat,2018-04-26 23:04:00,2018-04-26 23:09:00,0.7666666666666667,1,0,4,2018-04-26 19:17:00,228.70000002,1,2018-04-26,True
2018-04-26 23:05:00,0.03333333333333333,Other,2018-04-26 23:04:00,2018-04-26 23:09:00,0.5666666666666667,1,0,4,2018-04-26 19:17:00,228.49999998,1,2018-04-26,True
2018-04-26 23:05:00,0.0007414914333333333,fast,2018-04-26 23:04:00,2018-04-26 23:09:00,0.43333333333333335,0,1,4,2018-04-26 19:17:00,228.36666666,1,2018-04-26,True
2018-04-26 23:06:00,0.1,pick,2018-04-26 23:04:00,2018-04-26 23:09:00,1.8333333333333333,0,1,4,2018-04-26 19:17:00,229.76666663999998,1,2018-04-26,True
2018-04-26 23:06:00,0.03333333333333333,fast,2018-04-26 23:04:00,2018-04-26 23:09:00,1.45,0,1,4,2018-04-26 19:17:00,229.38333336,1,2018-04-26,True
2018-04-26 23:06:00,0.13333333333333333,pick,2018-04-26 23:04:00,2018-04-26 23:09:00,1.6,0,1,4,2018-04-26 19:17:00,229.53333336,1,2018-04-26,True
2018-04-26 23:09:00,0.1,pick,2018-04-26 23:04:00,2018-04-26 23:09:00,4.55,0,1,4,2018-04-26 19:17:00,232.48333331999999,1,2018-04-26,True
2018-04-26 23:09:00,0.0006592729499999999,fast,2018-04-26 23:04:00,2018-04-26 23:09:00,4.716666666666667,0,1,4,2018-04-26 19:17:00,232.65,1,2018-04-26,True
2018-04-27 00:24:00,0.11666666666666667,Other,2018-04-27 00:24:00,2018-04-27 00:28:00,0.16666666666666666,1,1,4,2018-04-26 19:17:00,307.56666666,1,2018-04-27,True
2018-04-27 00:25:00,0.06666666666666667,fast,2018-04-27 00:24:00,2018-04-27 00:28:00,1.0833333333333333,0,1,4,2018-04-26 19:17:00,308.48333334,1,2018-04-27,True
2018-04-27 00:25:00,0.0003364823333333333,rat,2018-04-27 00:24:00,2018-04-27 00:28:00,1.2,1,0,4,2018-04-26 19:17:00,308.59999998,1,2018-04-27,True
2018-04-27 00:25:00,0.06666666666666667,bat and rat,2018-04-27 00:24:00,2018-04-27 00:28:00,1.5166666666666666,1,0,4,2018-04-26 19:17:00,308.91666666000003,1,2018-04-27,True
2018-04-27 00:26:00,0.06666666666666667,bat,2018-04-27 00:24:00,2018-04-27 00:28:00,2.15,1,0,4,2018-04-26 19:17:00,309.55000002,1,2018-04-27,True
2018-04-27 00:26:00,0.21666666666666667,bat and pick,2018-04-27 00:24:00,2018-04-27 00:28:00,2.3,1,1,4,2018-04-26 19:17:00,309.70000002,1,2018-04-27,True
2018-04-27 00:27:00,0.35,bat and pick,2018-04-27 00:24:00,2018-04-27 00:28:00,3.316666666666667,1,1,4,2018-04-26 19:17:00,310.71666666000004,1,2018-04-27,True
2018-04-27 00:27:00,0.2,bat and pick,2018-04-27 00:24:00,2018-04-27 00:28:00,2.7333333333333334,1,1,4,2018-04-26 19:17:00,310.13333334,1,2018-04-27,True
2018-04-27 00:27:00,0.3333333333333333,bat and pick,2018-04-27 00:24:00,2018-04-27 00:28:00,3.05,1,1,4,2018-04-26 19:17:00,310.45000002,1,2018-04-27,True
2018-04-27 00:27:00,0.15,bat and pick,2018-04-27 00:24:00,2018-04-27 00:28:00,3.1166666666666667,1,1,4,2018-04-26 19:17:00,310.51666668,1,2018-04-27,True
2018-04-27 00:28:00,0.016666666666666666,rat,2018-04-27 00:24:00,2018-04-27 00:28:00,3.7666666666666666,1,0,4,2018-04-26 19:17:00,311.16666666,1,2018-04-27,True
2018-04-27 00:28:00,0.1,pick,2018-04-27 00:24:00,2018-04-27 00:28:00,3.85,0,1,4,2018-04-26 19:17:00,311.25,1,2018-04-27,True
2018-04-27 01:19:00,0.05,bat fight,2018-04-27 01:18:00,2018-04-27 01:22:00,1.4166666666666667,1,0,4,2018-04-26 19:17:00,362.55,1,2018-04-27,True
2018-04-27 01:19:00,0.25,bat and pick,2018-04-27 01:18:00,2018-04-27 01:22:00,1.2666666666666666,1,1,4,2018-04-26 19:17:00,362.4,1,2018-04-27,True
2018-04-27 01:20:00,0.13333333333333333,pick,2018-04-27 01:18:00,2018-04-27 01:22:00,1.9833333333333334,0,1,4,2018-04-26 19:17:00,363.11666664,1,2018-04-27,True
2018-04-27 01:20:00,0.16666666666666666,pick,2018-04-27 01:18:00,2018-04-27 01:22:00,2.1,0,1,4,2018-04-26 19:17:00,363.23333334,1,2018-04-27,True
2018-04-27 01:20:00,0.25,pick,2018-04-27 01:18:00,2018-04-27 01:22:00,2.3666666666666667,0,1,4,2018-04-26 19:17:00,363.49999998,1,2018-04-27,True
2018-04-27 01:21:00,0.43333333333333335,pick and all,2018-04-27 01:18:00,2018-04-27 01:22:00,3.716666666666667,1,1,4,2018-04-26 19:17:00,364.84999998,1,2018-04-27,True
2018-04-27 01:21:00,0.03333333333333333,Unknown,2018-04-27 01:18:00,2018-04-27 01:22:00,3.85,0,0,4,2018-04-26 19:17:00,364.98333335999996,1,2018-04-27,True
2018-04-27 02:10:00,0.0008493813833333334,rat and bat,2018-04-27 02:10:00,2018-04-27 02:20:00,0.11666666666666667,1,0,4,2018-04-26 19:17:00,413.98333332000004,1,2018-04-27,True
2018-04-27 02:11:00,0.08333333333333333,pick,2018-04-27 02:10:00,2018-04-27 02:20:00,0.7833333333333333,0,1,4,2018-04-26 19:17:00,414.64999998,1,2018-04-27,True
2018-04-27 02:13:00,0.05,fast,2018-04-27 02:10:00,2018-04-27 02:20:00,2.3333333333333335,0,1,4,2018-04-26 19:17:00,416.20000002,1,2018-04-27,True
2018-04-27 02:14:00,0.21666666666666667,pick,2018-04-27 02:10:00,2018-04-27 02:20:00,4.1,0,1,4,2018-04-26 19:17:00,417.96666666,1,2018-04-27,True
2018-04-27 02:15:00,0.06666666666666667,all pick,2018-04-27 02:10:00,2018-04-27 02:20:00,4.633333333333334,1,1,4,2018-04-26 19:17:00,418.5,1,2018-04-27,True
2018-04-27 02:16:00,0.05,rat,2018-04-27 02:10:00,2018-04-27 02:20:00,5.3,1,0,4,2018-04-26 19:17:00,419.16666666,1,2018-04-27,True
2018-04-27 02:16:00,0.0016033315,Other,2018-04-27 02:10:00,2018-04-27 02:20:00,6.1,1,1,4,2018-04-26 19:17:00,419.96666663999997,1,2018-04-27,True
2018-04-27 02:17:00,0.0010628594833333334,rat,2018-04-27 02:10:00,2018-04-27 02:20:00,6.133333333333334,1,0,4,2018-04-26 19:17:00,420.0,1,2018-04-27,True
2018-04-27 02:19:00,0.0013515302333333332,pick,2018-04-27 02:10:00,2018-04-27 02:20:00,8.95,0,1,4,2018-04-26 19:17:00,422.81666664,1,2018-04-27,True
2018-04-27 02:39:00,0.03333333333333333,fast,2018-04-27 02:38:00,2018-04-27 02:58:00,1.0333333333333334,0,1,4,2018-04-26 19:17:00,442.78333332,1,2018-04-27,True
2018-04-27 02:47:00,0.0015094082666666667,Unknown,2018-04-27 02:38:00,2018-04-27 02:58:00,8.8,0,0,4,2018-04-26 19:17:00,450.55000001999997,1,2018-04-27,True
2018-04-27 02:48:00,0.016666666666666666,fast,2018-04-27 02:38:00,2018-04-27 02:58:00,9.5,0,1,4,2018-04-26 19:17:00,451.24999998,1,2018-04-27,True
2018-04-27 02:49:00,0.23333333333333334,Unknown,2018-04-27 02:38:00,2018-04-27 02:58:00,11.066666666666666,0,0,4,2018-04-26 19:17:00,452.81666664,1,2018-04-27,True
2018-04-27 02:49:00,0.03333333333333333,fast,2018-04-27 02:38:00,2018-04-27 02:58:00,11.0,0,1,4,2018-04-26 19:17:00,452.74999998,1,2018-04-27,True
2018-04-27 02:51:00,0.0005463252833333333,fast,2018-04-27 02:38:00,2018-04-27 02:58:00,13.066666666666666,0,1,4,2018-04-26 19:17:00,454.81666668,1,2018-04-27,True
2018-04-27 02:52:00,0.36666666666666664,pick,2018-04-27 02:38:00,2018-04-27 02:58:00,13.75,0,1,4,2018-04-26 19:17:00,455.50000002,1,2018-04-27,True
2018-04-27 02:52:00,0.16666666666666666,pick,2018-04-27 02:38:00,2018-04-27 02:58:00,13.516666666666667,0,1,4,2018-04-26 19:17:00,455.26666668,1,2018-04-27,True
2018-04-27 02:53:00,0.18333333333333332,pick and bat,2018-04-27 02:38:00,2018-04-27 02:58:00,15.133333333333333,1,1,4,2018-04-26 19:17:00,456.88333332,1,2018-04-27,True
2018-04-27 02:53:00,0.00113731355,pick and bat,2018-04-27 02:38:00,2018-04-27 02:58:00,14.283333333333333,1,1,4,2018-04-26 19:17:00,456.03333336,1,2018-04-27,True
2018-04-27 03:01:00,0.016666666666666666,fast,2018-04-27 03:01:00,2018-04-27 03:02:00,0.2833333333333333,0,1,4,2018-04-26 19:17:00,464.50000001999996,1,2018-04-27,True
2018-04-27 03:01:00,0.03333333333333333,fast,2018-04-27 03:01:00,2018-04-27 03:02:00,0.36666666666666664,0,1,4,2018-04-26 19:17:00,464.58333336,1,2018-04-27,True
2018-04-27 03:23:00,0.0007117890666666667,rat and bat,2018-04-27 03:22:00,2018-04-27 03:25:00,0.2833333333333333,1,0,4,2018-04-26 19:17:00,486.08333334,1,2018-04-27,True
2018-04-27 03:23:00,0.21666666666666667,pick,2018-04-27 03:22:00,2018-04-27 03:25:00,0.3333333333333333,0,1,4,2018-04-26 19:17:00,486.13333332,1,2018-04-27,True
2018-04-27 03:23:00,0.0007317627833333333,bat and rat,2018-04-27 03:22:00,2018-04-27 03:25:00,0.55,1,0,4,2018-04-26 19:17:00,486.34999998,1,2018-04-27,True
2018-04-27 03:24:00,0.016666666666666666,fast,2018-04-27 03:22:00,2018-04-27 03:25:00,1.65,0,1,4,2018-04-26 19:17:00,487.45000002000006,1,2018-04-27,True
2018-04-27 03:25:00,0.0012784232833333332,rat,2018-04-27 03:22:00,2018-04-27 03:25:00,2.3666666666666667,1,0,4,2018-04-26 19:17:00,488.16666666,1,2018-04-27,True
2018-04-27 03:25:00,0.05,fast,2018-04-27 03:22:00,2018-04-27 03:25:00,2.3333333333333335,0,1,4,2018-04-26 19:17:00,488.13333336,1,2018-04-27,True
2018-04-27 03:43:00,0.0006826347666666667,fast,2018-04-27 03:43:00,2018-04-27 03:46:00,0.6333333333333333,0,1,4,2018-04-26 19:17:00,506.78333333999996,1,2018-04-27,True
2018-04-27 03:45:00,0.00165884895,bat,2018-04-27 03:43:00,2018-04-27 03:46:00,2.6666666666666665,1,0,4,2018-04-26 19:17:00,508.81666667999997,1,2018-04-27,True
2018-04-27 03:45:00,0.00024032301666666666,bat,2018-04-27 03:43:00,2018-04-27 03:46:00,2.8,1,0,4,2018-04-26 19:17:00,508.95,1,2018-04-27,True
2018-04-27 03:45:00,0.36666666666666664,no food,2018-04-27 03:43:00,2018-04-27 03:46:00,2.7666666666666666,0,0,4,2018-04-26 19:17:00,508.91666664,1,2018-04-27,True
2018-04-27 03:45:00,0.0009499909500000001,bat and rat,2018-04-27 03:43:00,2018-04-27 03:46:00,2.65,1,0,4,2018-04-26 19:17:00,508.8,1,2018-04-27,True
2018-04-27 04:01:00,0.05,pick,2018-04-27 03:59:00,2018-04-27 04:01:00,1.7666666666666666,0,1,4,2018-04-26 19:17:00,524.1666666599999,1,2018-04-27,True
2018-04-27 04:12:00,0.08333333333333333,pick,2018-04-27 04:11:00,2018-04-27 04:16:00,1.7666666666666666,0,1,4,2018-04-26 19:17:00,535.90000002,1,2018-04-27,True
2018-04-27 04:36:00,0.0006760830666666666,pick and rat,2018-04-27 04:28:00,2018-04-27 04:44:00,7.416666666666667,1,1,4,2018-04-26 19:17:00,559.38333336,1,2018-04-27,True
2018-04-27 21:57:00,0.13333333333333333,rat,2018-04-27 21:56:00,2018-04-27 22:00:00,0.7833333333333333,1,0,4,2018-04-27 19:18:00,159.76666668000001,1,2018-04-27,True
2018-04-27 22:00:00,0.08333333333333333,rat,2018-04-27 21:56:00,2018-04-27 22:00:00,3.316666666666667,1,0,4,2018-04-27 19:18:00,162.3,1,2018-04-27,True
2018-04-27 22:12:00,0.2833333333333333,other bats,2018-04-27 22:08:00,2018-04-27 22:12:00,3.566666666666667,1,0,4,2018-04-27 19:18:00,174.0,1,2018-04-27,True
2018-04-27 22:41:00,0.016666666666666666,rat,2018-04-27 22:39:00,2018-04-27 22:41:00,2.1166666666666667,1,0,4,2018-04-27 19:18:00,203.38333332,1,2018-04-27,True
2018-04-27 23:01:00,0.03333333333333333,fast,2018-04-27 23:01:00,2018-04-27 23:12:00,0.3,0,1,4,2018-04-27 19:18:00,223.96666668,1,2018-04-27,True
2018-04-27 23:02:00,0.016666666666666666,fast,2018-04-27 23:01:00,2018-04-27 23:12:00,1.3166666666666667,0,1,4,2018-04-27 19:18:00,224.98333331999999,1,2018-04-27,True
2018-04-27 23:02:00,0.06666666666666667,other bats,2018-04-27 23:01:00,2018-04-27 23:12:00,1.1333333333333333,1,0,4,2018-04-27 19:18:00,224.80000002,1,2018-04-27,True
2018-04-27 23:03:00,0.03333333333333333,fast,2018-04-27 23:01:00,2018-04-27 23:12:00,1.75,0,1,4,2018-04-27 19:18:00,225.41666664000002,1,2018-04-27,True
2018-04-27 23:10:00,0.0005364304833333333,Unknown,2018-04-27 23:01:00,2018-04-27 23:12:00,8.833333333333334,0,0,4,2018-04-27 19:18:00,232.5,1,2018-04-27,True
2018-04-27 23:11:00,0.08333333333333333,pick and others,2018-04-27 23:01:00,2018-04-27 23:12:00,9.6,1,1,4,2018-04-27 19:18:00,233.26666668,1,2018-04-27,True
2018-04-27 23:11:00,0.21666666666666667,bats,2018-04-27 23:01:00,2018-04-27 23:12:00,9.866666666666667,1,0,4,2018-04-27 19:18:00,233.53333332,1,2018-04-27,True
2018-04-27 23:12:00,0.25,bats,2018-04-27 23:01:00,2018-04-27 23:12:00,10.383333333333333,1,0,4,2018-04-27 19:18:00,234.04999998,1,2018-04-27,True
2018-04-27 23:16:00,0.016666666666666666,fast,2018-04-27 23:15:00,2018-04-27 23:17:00,0.5833333333333334,0,1,4,2018-04-27 19:18:00,238.20000000000002,1,2018-04-27,True
2018-04-27 23:16:00,0.05,fast,2018-04-27 23:15:00,2018-04-27 23:17:00,1.2333333333333334,0,1,4,2018-04-27 19:18:00,238.84999998,1,2018-04-27,True
2018-04-27 23:17:00,0.03333333333333333,fast,2018-04-27 23:15:00,2018-04-27 23:17:00,2.0,0,1,4,2018-04-27 19:18:00,239.61666666,1,2018-04-27,True
2018-04-27 23:42:00,0.1,pick,2018-04-27 23:41:00,2018-04-27 23:43:00,0.38333333333333336,0,1,4,2018-04-27 19:18:00,264.06666665999995,1,2018-04-27,True
2018-04-28 00:07:00,0.18333333333333332,rat and pick,2018-04-28 00:04:00,2018-04-28 00:14:00,2.9,1,1,4,2018-04-27 19:18:00,289.78333332,1,2018-04-28,True
2018-04-28 00:10:00,0.05,rat,2018-04-28 00:04:00,2018-04-28 00:14:00,5.5,1,0,4,2018-04-27 19:18:00,292.38333336,1,2018-04-28,True
2018-04-28 00:10:00,0.08333333333333333,bat fight,2018-04-28 00:04:00,2018-04-28 00:14:00,6.083333333333333,1,0,4,2018-04-27 19:18:00,292.96666668,1,2018-04-28,True
2018-04-28 00:10:00,0.1,pick,2018-04-28 00:04:00,2018-04-28 00:14:00,6.05,0,1,4,2018-04-27 19:18:00,292.93333332000003,1,2018-04-28,True
2018-04-28 00:11:00,0.016666666666666666,rat,2018-04-28 00:04:00,2018-04-28 00:14:00,6.8,1,0,4,2018-04-27 19:18:00,293.68333332000003,1,2018-04-28,True
2018-04-28 00:11:00,0.03333333333333333,fast,2018-04-28 00:04:00,2018-04-28 00:14:00,6.216666666666667,0,1,4,2018-04-27 19:18:00,293.09999999999997,1,2018-04-28,True
2018-04-28 00:11:00,0.06666666666666667,pick,2018-04-28 00:04:00,2018-04-28 00:14:00,6.683333333333334,0,1,4,2018-04-27 19:18:00,293.56666668,1,2018-04-28,True
2018-04-28 00:12:00,0.1,pick,2018-04-28 00:04:00,2018-04-28 00:14:00,7.483333333333333,0,1,4,2018-04-27 19:18:00,294.36666666,1,2018-04-28,True
2018-04-28 00:12:00,0.11666666666666667,rat,2018-04-28 00:04:00,2018-04-28 00:14:00,7.233333333333333,1,0,4,2018-04-27 19:18:00,294.11666664,1,2018-04-28,True
2018-04-28 00:13:00,0.3,pick,2018-04-28 00:04:00,2018-04-28 00:14:00,8.283333333333333,0,1,4,2018-04-27 19:18:00,295.16666664,1,2018-04-28,True
2018-04-28 00:13:00,0.16666666666666666,bat and rat,2018-04-28 00:04:00,2018-04-28 00:14:00,9.066666666666666,1,0,4,2018-04-27 19:18:00,295.95,1,2018-04-28,True
2018-04-28 00:13:00,0.08333333333333333,pick and rat,2018-04-28 00:04:00,2018-04-28 00:14:00,8.266666666666667,1,1,4,2018-04-27 19:18:00,295.15000002,1,2018-04-28,True
2018-04-28 00:13:00,0.05,fast,2018-04-28 00:04:00,2018-04-28 00:14:00,8.666666666666666,0,1,4,2018-04-27 19:18:00,295.54999998,1,2018-04-28,True
2018-04-28 01:06:00,0.016666666666666666,fast,2018-04-28 01:06:00,2018-04-28 01:07:00,0.31666666666666665,0,1,4,2018-04-27 19:18:00,348.53333334,1,2018-04-28,True
2018-04-28 01:06:00,0.0010620803999999999,fast,2018-04-28 01:06:00,2018-04-28 01:07:00,0.5833333333333334,0,1,4,2018-04-27 19:18:00,348.79999998,1,2018-04-28,True
2018-04-28 01:06:00,0.08333333333333333,others,2018-04-28 01:06:00,2018-04-28 01:07:00,0.7,1,0,4,2018-04-27 19:18:00,348.91666668,1,2018-04-28,True
2018-04-28 01:07:00,0.1,pick,2018-04-28 01:06:00,2018-04-28 01:07:00,1.2333333333333334,0,1,4,2018-04-27 19:18:00,349.45000002,1,2018-04-28,True
2018-04-28 02:14:00,0.25,others,2018-04-28 02:13:00,2018-04-28 02:14:00,0.9166666666666666,1,0,4,2018-04-27 19:18:00,416.14999997999996,1,2018-04-28,True
2018-04-28 02:14:00,0.06666666666666667,pick,2018-04-28 02:13:00,2018-04-28 02:14:00,1.5,0,1,4,2018-04-27 19:18:00,416.73333336,1,2018-04-28,True
2018-04-28 02:22:00,0.08333333333333333,Other,2018-04-28 02:21:00,2018-04-28 02:23:00,1.0,1,0,4,2018-04-27 19:18:00,424.28333333999996,1,2018-04-28,True
2018-04-28 02:22:00,0.0004358041,fast,2018-04-28 02:21:00,2018-04-28 02:23:00,1.5,0,1,4,2018-04-27 19:18:00,424.78333332,1,2018-04-28,True
2018-04-28 02:49:00,0.11666666666666667,pick,2018-04-28 02:47:00,2018-04-28 02:51:00,2.1333333333333333,0,1,4,2018-04-27 19:18:00,451.83333336000004,1,2018-04-28,True
2018-04-28 02:49:00,0.11666666666666667,pick and bat,2018-04-28 02:47:00,2018-04-28 02:51:00,2.0,1,1,4,2018-04-27 19:18:00,451.69999998,1,2018-04-28,True
2018-04-28 02:50:00,0.0014721998333333333,fast,2018-04-28 02:47:00,2018-04-28 02:51:00,2.316666666666667,0,1,4,2018-04-27 19:18:00,452.01666666,1,2018-04-28,True
2018-04-28 02:50:00,0.13333333333333333,pick,2018-04-28 02:47:00,2018-04-28 02:51:00,2.8333333333333335,0,1,4,2018-04-27 19:18:00,452.53333332,1,2018-04-28,True
2018-04-28 02:50:00,0.06666666666666667,pick and others,2018-04-28 02:47:00,2018-04-28 02:51:00,3.25,1,1,4,2018-04-27 19:18:00,452.95000002,1,2018-04-28,True
2018-04-28 02:51:00,0.1,pick,2018-04-28 02:47:00,2018-04-28 02:51:00,3.5166666666666666,0,1,4,2018-04-27 19:18:00,453.21666666000004,1,2018-04-28,True
2018-04-28 03:25:00,0.25,rat and bat,2018-04-28 03:24:00,2018-04-28 03:25:00,0.5166666666666667,1,0,4,2018-04-27 19:18:00,487.35,1,2018-04-28,True
2018-04-28 03:25:00,0.03333333333333333,fast,2018-04-28 03:24:00,2018-04-28 03:25:00,0.75,0,1,4,2018-04-27 19:18:00,487.58333333999997,1,2018-04-28,True
2018-04-28 03:36:00,0.05,fast,2018-04-28 03:33:00,2018-04-28 03:36:00,3.2333333333333334,0,1,4,2018-04-27 19:18:00,498.29999999999995,1,2018-04-28,True
2018-04-28 03:51:00,0.05,fast,2018-04-28 03:48:00,2018-04-28 04:09:00,2.8666666666666667,0,1,4,2018-04-27 19:18:00,513.28333332,1,2018-04-28,True
2018-04-28 05:16:00,0.2833333333333333,rat,2018-04-28 05:14:00,2018-04-28 05:21:00,1.9166666666666667,1,0,4,2018-04-27 19:18:00,598.7333333400001,1,2018-04-28,True
2018-04-28 05:20:00,0.016666666666666666,pick,2018-04-28 05:14:00,2018-04-28 05:21:00,6.166666666666667,0,1,4,2018-04-27 19:18:00,602.9833332,1,2018-04-28,True
2018-04-28 05:55:00,0.05,fast,2018-04-28 05:55:00,2018-04-28 06:05:00,0.9333333333333333,0,1,4,2018-04-27 19:18:00,637.9333332,1,2018-04-28,True
2018-04-28 19:08:00,0.00042243105,fast,2018-04-28 19:08:00,2018-04-28 19:16:00,0.03333333333333333,0,1,4,2018-04-28 19:19:00,-10.15000002,1,2018-04-28,True
2018-04-28 19:10:00,0.0016032666666666666,fast,2018-04-28 19:08:00,2018-04-28 19:16:00,1.2666666666666666,0,1,4,2018-04-28 19:19:00,-8.916666659999999,1,2018-04-28,True
2018-04-28 19:10:00,0.0010616911,pick,2018-04-28 19:08:00,2018-04-28 19:16:00,1.5166666666666666,0,1,4,2018-04-28 19:19:00,-8.66666664,1,2018-04-28,True
2018-04-28 20:39:00,0.0015797424833333333,fast,2018-04-28 20:37:00,2018-04-28 20:44:00,1.75,0,1,4,2018-04-28 19:19:00,80.51666664,1,2018-04-28,True
2018-04-28 20:40:00,0.00127090395,others,2018-04-28 20:37:00,2018-04-28 20:44:00,2.7666666666666666,1,0,4,2018-04-28 19:19:00,81.53333334,1,2018-04-28,True
2018-04-28 20:44:00,0.00023640401666666667,rat,2018-04-28 20:37:00,2018-04-28 20:44:00,6.383333333333334,1,0,4,2018-04-28 19:19:00,85.15000002000001,1,2018-04-28,True
2018-04-28 21:30:00,0.15,rat,2018-04-28 21:30:00,2018-04-28 21:31:00,0.0,1,0,4,2018-04-28 19:19:00,131.88333336,1,2018-04-28,True
2018-04-28 21:31:00,0.06666666666666667,rat and pick,2018-04-28 21:30:00,2018-04-28 21:31:00,0.7666666666666667,1,1,4,2018-04-28 19:19:00,132.64999998000002,1,2018-04-28,True
2018-04-28 23:02:00,0.016666666666666666,fast,2018-04-28 23:01:00,2018-04-28 23:12:00,1.4166666666666667,0,1,4,2018-04-28 19:19:00,223.53333336,1,2018-04-28,True
2018-04-28 23:04:00,0.08333333333333333,fast,2018-04-28 23:01:00,2018-04-28 23:12:00,3.1333333333333333,0,1,4,2018-04-28 19:19:00,225.25000002,1,2018-04-28,True
2018-04-28 23:21:00,0.0007941177166666668,bat fight,2018-04-28 23:21:00,2018-04-28 23:24:00,0.0,1,0,4,2018-04-28 19:19:00,242.21666664000003,1,2018-04-28,True
2018-04-28 23:21:00,0.03333333333333333,fast,2018-04-28 23:21:00,2018-04-28 23:24:00,0.7333333333333333,0,1,4,2018-04-28 19:19:00,242.95000001999998,1,2018-04-28,True
2018-04-28 23:22:00,0.016666666666666666,pick,2018-04-28 23:21:00,2018-04-28 23:24:00,1.0,0,1,4,2018-04-28 19:19:00,243.21666666000002,1,2018-04-28,True
2018-04-28 23:22:00,0.06666666666666667,rat,2018-04-28 23:21:00,2018-04-28 23:24:00,1.1833333333333333,1,0,4,2018-04-28 19:19:00,243.40000002,1,2018-04-28,True
2018-04-28 23:22:00,0.0015074968500000002,rat,2018-04-28 23:21:00,2018-04-28 23:24:00,1.05,1,0,4,2018-04-28 19:19:00,243.26666663999998,1,2018-04-28,True
2018-04-28 23:23:00,0.05,fast,2018-04-28 23:21:00,2018-04-28 23:24:00,2.316666666666667,0,1,4,2018-04-28 19:19:00,244.53333336000003,1,2018-04-28,True
2018-04-28 23:24:00,0.23333333333333334,pick,2018-04-28 23:21:00,2018-04-28 23:24:00,2.85,0,1,4,2018-04-28 19:19:00,245.06666664,1,2018-04-28,True
2018-04-29 00:22:00,0.2833333333333333,rat,2018-04-29 00:22:00,2018-04-29 00:27:00,0.4666666666666667,1,0,4,2018-04-28 19:19:00,303.64999997999996,1,2018-04-29,True
2018-04-29 00:23:00,0.3333333333333333,rat,2018-04-29 00:22:00,2018-04-29 00:27:00,1.3666666666666667,1,0,4,2018-04-28 19:19:00,304.54999998,1,2018-04-29,True
2018-04-29 00:25:00,0.0016529963166666665,rat,2018-04-29 00:22:00,2018-04-29 00:27:00,3.433333333333333,1,0,4,2018-04-28 19:19:00,306.61666668000004,1,2018-04-29,True
2018-04-29 00:27:00,0.18333333333333332,pick,2018-04-29 00:22:00,2018-04-29 00:27:00,5.15,0,1,4,2018-04-28 19:19:00,308.33333334,1,2018-04-29,True
2018-04-29 00:55:00,0.00032287345000000004,Unknown,2018-04-29 00:55:00,2018-04-29 00:56:00,0.31666666666666665,0,0,4,2018-04-28 19:19:00,336.85000002,1,2018-04-29,True
2018-04-29 00:55:00,0.03333333333333333,fast,2018-04-29 00:55:00,2018-04-29 00:56:00,0.13333333333333333,0,1,4,2018-04-28 19:19:00,336.66666666,1,2018-04-29,True
2018-04-29 00:55:00,0.0007286697500000001,rat,2018-04-29 00:55:00,2018-04-29 00:56:00,0.18333333333333332,1,0,4,2018-04-28 19:19:00,336.71666663999997,1,2018-04-29,True
2018-04-29 00:56:00,0.06666666666666667,Other,2018-04-29 00:55:00,2018-04-29 00:56:00,0.8333333333333334,1,1,4,2018-04-28 19:19:00,337.36666668,1,2018-04-29,True
2018-04-29 01:03:00,0.03333333333333333,rat,2018-04-29 01:02:00,2018-04-29 01:06:00,0.7833333333333333,1,0,4,2018-04-28 19:19:00,344.11666668000004,1,2018-04-29,True
2018-04-29 01:03:00,0.1,rat,2018-04-29 01:02:00,2018-04-29 01:06:00,1.1,1,0,4,2018-04-28 19:19:00,344.43333336,1,2018-04-29,True
2018-04-29 01:03:00,0.08333333333333333,rat and bat,2018-04-29 01:02:00,2018-04-29 01:06:00,1.3,1,0,4,2018-04-28 19:19:00,344.63333334,1,2018-04-29,True
2018-04-29 01:03:00,0.05,fast,2018-04-29 01:02:00,2018-04-29 01:06:00,1.45,0,1,4,2018-04-28 19:19:00,344.78333334,1,2018-04-29,True
2018-04-29 01:04:00,0.00059812345,bat,2018-04-29 01:02:00,2018-04-29 01:06:00,2.3833333333333333,1,0,4,2018-04-28 19:19:00,345.71666664,1,2018-04-29,True
2018-04-29 01:04:00,0.00115911175,rat,2018-04-29 01:02:00,2018-04-29 01:06:00,2.2,1,0,4,2018-04-28 19:19:00,345.53333333999996,1,2018-04-29,True
2018-04-29 01:05:00,0.08333333333333333,pick,2018-04-29 01:02:00,2018-04-29 01:06:00,2.8666666666666667,0,1,4,2018-04-28 19:19:00,346.2,1,2018-04-29,True
2018-04-29 01:05:00,0.1,fast,2018-04-29 01:02:00,2018-04-29 01:06:00,3.033333333333333,0,1,4,2018-04-28 19:19:00,346.36666668,1,2018-04-29,True
2018-04-29 01:05:00,0.0014605799666666667,fast,2018-04-29 01:02:00,2018-04-29 01:06:00,3.433333333333333,0,1,4,2018-04-28 19:19:00,346.76666664,1,2018-04-29,True
2018-04-29 01:05:00,0.05,fast,2018-04-29 01:02:00,2018-04-29 01:06:00,3.5166666666666666,0,1,4,2018-04-28 19:19:00,346.84999998,1,2018-04-29,True
2018-04-29 01:20:00,0.03333333333333333,fast,2018-04-29 01:19:00,2018-04-29 01:24:00,0.9666666666666667,0,1,4,2018-04-28 19:19:00,361.93333332,1,2018-04-29,True
2018-04-29 01:20:00,0.00063569615,pick,2018-04-29 01:19:00,2018-04-29 01:24:00,0.08333333333333333,0,1,4,2018-04-28 19:19:00,361.05,1,2018-04-29,True
2018-04-29 01:20:00,0.0016156746666666666,Other,2018-04-29 01:19:00,2018-04-29 01:24:00,0.6333333333333333,1,1,4,2018-04-28 19:19:00,361.60000002,1,2018-04-29,True
2018-04-29 01:21:00,0.03333333333333333,fast,2018-04-29 01:19:00,2018-04-29 01:24:00,1.9833333333333334,0,1,4,2018-04-28 19:19:00,362.95000002,1,2018-04-29,True
2018-04-29 01:43:00,0.06666666666666667,fast,2018-04-29 01:41:00,2018-04-29 01:51:00,1.75,0,1,4,2018-04-28 19:19:00,384.56666664,1,2018-04-29,True
2018-04-29 01:44:00,0.08333333333333333,pick,2018-04-29 01:41:00,2018-04-29 01:51:00,3.0,0,1,4,2018-04-28 19:19:00,385.81666667999997,1,2018-04-29,True
2018-04-29 01:44:00,0.05,fast,2018-04-29 01:41:00,2018-04-29 01:51:00,3.1166666666666667,0,1,4,2018-04-28 19:19:00,385.93333332,1,2018-04-29,True
2018-04-29 01:45:00,0.08333333333333333,pick,2018-04-29 01:41:00,2018-04-29 01:51:00,4.116666666666666,0,1,4,2018-04-28 19:19:00,386.93333334,1,2018-04-29,True
2018-04-29 01:46:00,0.00034700853333333333,fast,2018-04-29 01:41:00,2018-04-29 01:51:00,4.2,0,1,4,2018-04-28 19:19:00,387.01666668,1,2018-04-29,True
2018-04-29 01:48:00,0.15,bat,2018-04-29 01:41:00,2018-04-29 01:51:00,6.983333333333333,1,0,4,2018-04-28 19:19:00,389.80000002,1,2018-04-29,True
2018-04-29 01:49:00,0.016666666666666666,Other,2018-04-29 01:41:00,2018-04-29 01:51:00,7.266666666666667,0,1,4,2018-04-28 19:19:00,390.08333334,1,2018-04-29,True
2018-04-29 01:51:00,0.06666666666666667,bat,2018-04-29 01:41:00,2018-04-29 01:51:00,9.866666666666667,1,0,4,2018-04-28 19:19:00,392.68333332,1,2018-04-29,True
2018-04-29 01:51:00,0.35,pick,2018-04-29 01:41:00,2018-04-29 01:51:00,9.533333333333333,0,1,4,2018-04-28 19:19:00,392.35000002,1,2018-04-29,True
2018-04-29 02:51:00,0.06666666666666667,bat,2018-04-29 02:51:00,2018-04-29 03:06:00,0.6833333333333333,1,0,4,2018-04-28 19:19:00,452.73333336,1,2018-04-29,True
2018-04-29 02:51:00,0.016666666666666666,fast,2018-04-29 02:51:00,2018-04-29 03:06:00,0.6,0,1,4,2018-04-28 19:19:00,452.65000002,1,2018-04-29,True
2018-04-29 02:52:00,0.016666666666666666,fast,2018-04-29 02:51:00,2018-04-29 03:06:00,1.1,0,1,4,2018-04-28 19:19:00,453.15000000000003,1,2018-04-29,True
2018-04-29 02:52:00,0.06666666666666667,pick,2018-04-29 02:51:00,2018-04-29 03:06:00,1.3333333333333333,0,1,4,2018-04-28 19:19:00,453.38333334,1,2018-04-29,True
2018-04-29 02:53:00,0.1,pick,2018-04-29 02:51:00,2018-04-29 03:06:00,2.816666666666667,0,1,4,2018-04-28 19:19:00,454.86666666,1,2018-04-29,True
2018-04-29 02:58:00,0.0011875122666666666,bat and pick,2018-04-29 02:51:00,2018-04-29 03:06:00,7.766666666666667,1,1,4,2018-04-28 19:19:00,459.81666666,1,2018-04-29,True
2018-04-29 02:58:00,0.03333333333333333,bat,2018-04-29 02:51:00,2018-04-29 03:06:00,7.533333333333333,1,0,4,2018-04-28 19:19:00,459.58333332,1,2018-04-29,True
2018-04-29 02:59:00,0.11666666666666667,pick,2018-04-29 02:51:00,2018-04-29 03:06:00,8.316666666666666,0,1,4,2018-04-28 19:19:00,460.36666668000004,1,2018-04-29,True
2018-04-29 02:59:00,0.06666666666666667,pick,2018-04-29 02:51:00,2018-04-29 03:06:00,8.083333333333334,0,1,4,2018-04-28 19:19:00,460.13333334,1,2018-04-29,True
2018-04-29 03:04:00,0.05,fast,2018-04-29 02:51:00,2018-04-29 03:06:00,13.05,0,1,4,2018-04-28 19:19:00,465.10000002000004,1,2018-04-29,True
2018-04-29 03:05:00,0.0013834507333333333,Unknown,2018-04-29 02:51:00,2018-04-29 03:06:00,14.1,0,0,4,2018-04-28 19:19:00,466.15000002,1,2018-04-29,True
2018-04-29 03:06:00,0.03333333333333333,Other,2018-04-29 02:51:00,2018-04-29 03:06:00,15.033333333333333,0,0,4,2018-04-28 19:19:00,467.08333332,1,2018-04-29,True
2018-04-29 03:06:00,0.00024251391666666667,pick and all,2018-04-29 02:51:00,2018-04-29 03:06:00,15.05,1,1,4,2018-04-28 19:19:00,467.1,1,2018-04-29,True
2018-04-29 03:14:00,0.06666666666666667,pick and bat,2018-04-29 03:11:00,2018-04-29 03:15:00,3.5166666666666666,1,1,4,2018-04-28 19:19:00,475.54999998,1,2018-04-29,True
2018-04-29 03:34:00,0.03333333333333333,bat,2018-04-29 03:33:00,2018-04-29 03:48:00,0.43333333333333335,1,0,4,2018-04-28 19:19:00,495.13333332,1,2018-04-29,True
2018-04-29 03:34:00,0.2,pick,2018-04-29 03:33:00,2018-04-29 03:48:00,1.05,0,1,4,2018-04-28 19:19:00,495.74999999999994,1,2018-04-29,True
2018-04-29 03:40:00,0.00042249955000000003,bats,2018-04-29 03:33:00,2018-04-29 03:48:00,6.7,1,0,4,2018-04-28 19:19:00,501.40000002000005,1,2018-04-29,True
2018-04-29 03:45:00,0.0015766890333333333,rat,2018-04-29 03:33:00,2018-04-29 03:48:00,11.8,1,0,4,2018-04-28 19:19:00,506.50000002,1,2018-04-29,True
2018-04-29 03:46:00,0.06666666666666667,rat and pick,2018-04-29 03:33:00,2018-04-29 03:48:00,12.883333333333333,1,1,4,2018-04-28 19:19:00,507.58333332,1,2018-04-29,True
2018-04-29 03:46:00,0.43333333333333335,rat pick,2018-04-29 03:33:00,2018-04-29 03:48:00,12.333333333333334,1,1,4,2018-04-28 19:19:00,507.03333336,1,2018-04-29,True
2018-04-29 04:34:00,0.0007383437500000001,fast,2018-04-29 04:31:00,2018-04-29 04:37:00,3.2,0,1,4,2018-04-28 19:19:00,555.9000000000001,1,2018-04-29,True
2018-04-29 04:36:00,0.0015893646666666665,fast,2018-04-29 04:31:00,2018-04-29 04:37:00,5.25,0,1,4,2018-04-28 19:19:00,557.95000002,1,2018-04-29,True
2018-04-29 05:00:00,0.00151791375,fast,2018-04-29 04:58:00,2018-04-29 05:00:00,1.8166666666666667,0,1,4,2018-04-28 19:19:00,581.2999999799999,1,2018-04-29,True
2018-04-29 20:43:00,0.0002932952166666667,fast,2018-04-29 20:37:00,2018-04-29 20:53:00,6.483333333333333,0,1,4,2018-04-29 19:19:00,84.88333331999999,1,2018-04-29,True
2018-04-29 20:48:00,0.0005422403,fast,2018-04-29 20:37:00,2018-04-29 20:53:00,11.583333333333334,0,1,4,2018-04-29 19:19:00,89.98333332,1,2018-04-29,True
2018-04-29 20:49:00,0.06666666666666667,fast,2018-04-29 20:37:00,2018-04-29 20:53:00,11.833333333333334,0,1,4,2018-04-29 19:19:00,90.23333334,1,2018-04-29,True
2018-04-29 20:50:00,0.23333333333333334,Other,2018-04-29 20:37:00,2018-04-29 20:53:00,12.65,1,1,4,2018-04-29 19:19:00,91.05000000000001,1,2018-04-29,True
2018-04-29 22:53:00,0.03333333333333333,fast,2018-04-29 22:53:00,2018-04-29 23:06:00,0.15,0,1,4,2018-04-29 19:19:00,214.43333334,1,2018-04-29,True
2018-04-29 22:53:00,0.3333333333333333,rat and bat,2018-04-29 22:53:00,2018-04-29 23:06:00,0.06666666666666667,1,0,4,2018-04-29 19:19:00,214.35,1,2018-04-29,True
2018-04-29 22:54:00,0.06666666666666667,rat,2018-04-29 22:53:00,2018-04-29 23:06:00,1.1166666666666667,1,0,4,2018-04-29 19:19:00,215.39999999999998,1,2018-04-29,True
2018-04-29 22:55:00,0.13333333333333333,rat,2018-04-29 22:53:00,2018-04-29 23:06:00,2.4,1,0,4,2018-04-29 19:19:00,216.68333334000002,1,2018-04-29,True
2018-04-29 22:56:00,0.0016300125333333334,rat,2018-04-29 22:53:00,2018-04-29 23:06:00,3.066666666666667,1,0,4,2018-04-29 19:19:00,217.35,1,2018-04-29,True
2018-04-29 23:00:00,0.00105520335,bat fight,2018-04-29 22:53:00,2018-04-29 23:06:00,7.133333333333334,1,0,4,2018-04-29 19:19:00,221.41666668,1,2018-04-29,True
2018-04-29 23:01:00,0.3,bat pick,2018-04-29 22:53:00,2018-04-29 23:06:00,8.166666666666666,1,1,4,2018-04-29 19:19:00,222.45,1,2018-04-29,True
2018-04-29 23:01:00,0.03333333333333333,fast,2018-04-29 22:53:00,2018-04-29 23:06:00,8.683333333333334,0,1,4,2018-04-29 19:19:00,222.96666666,1,2018-04-29,True
2018-04-29 23:02:00,0.08333333333333333,rat and pick,2018-04-29 22:53:00,2018-04-29 23:06:00,8.816666666666666,1,1,4,2018-04-29 19:19:00,223.09999998,1,2018-04-29,True
2018-04-29 23:06:00,0.0013081557500000001,fast,2018-04-29 22:53:00,2018-04-29 23:06:00,12.933333333333334,0,1,4,2018-04-29 19:19:00,227.21666664,1,2018-04-29,True
2018-04-30 01:30:00,0.36666666666666664,pick bat,2018-04-30 01:26:00,2018-04-30 01:44:00,3.9833333333333334,1,1,4,2018-04-29 19:19:00,371.81666664,1,2018-04-30,True
2018-04-30 01:31:00,0.06666666666666667,fast,2018-04-30 01:26:00,2018-04-30 01:44:00,5.066666666666666,0,1,4,2018-04-29 19:19:00,372.9,1,2018-04-30,True
2018-04-30 01:31:00,0.06666666666666667,pick bat,2018-04-30 01:26:00,2018-04-30 01:44:00,4.283333333333333,1,1,4,2018-04-29 19:19:00,372.11666663999995,1,2018-04-30,True
2018-04-30 01:31:00,0.15,pick bat,2018-04-30 01:26:00,2018-04-30 01:44:00,4.833333333333333,1,1,4,2018-04-29 19:19:00,372.66666666000003,1,2018-04-30,True
2018-04-30 01:32:00,0.0014291027666666666,rat pick,2018-04-30 01:26:00,2018-04-30 01:44:00,5.25,1,1,4,2018-04-29 19:19:00,373.08333336000004,1,2018-04-30,True
2018-04-30 01:32:00,0.06666666666666667,pick,2018-04-30 01:26:00,2018-04-30 01:44:00,5.383333333333334,0,1,4,2018-04-29 19:19:00,373.21666668,1,2018-04-30,True
2018-04-30 01:33:00,0.0006671280666666667,rat,2018-04-30 01:26:00,2018-04-30 01:44:00,6.783333333333333,1,0,4,2018-04-29 19:19:00,374.61666665999996,1,2018-04-30,True
2018-04-30 01:34:00,0.08333333333333333,rat and bat,2018-04-30 01:26:00,2018-04-30 01:44:00,7.416666666666667,1,0,4,2018-04-29 19:19:00,375.25000002,1,2018-04-30,True
2018-04-30 01:37:00,0.0012761277,fast,2018-04-30 01:26:00,2018-04-30 01:44:00,10.55,0,1,4,2018-04-29 19:19:00,378.38333334,1,2018-04-30,True
2018-04-30 01:40:00,0.0009282572,bat and rat,2018-04-30 01:26:00,2018-04-30 01:44:00,13.466666666666667,1,0,4,2018-04-29 19:19:00,381.3,1,2018-04-30,True
2018-04-30 01:40:00,0.06666666666666667,bat and rat,2018-04-30 01:26:00,2018-04-30 01:44:00,13.6,1,0,4,2018-04-29 19:19:00,381.43333332,1,2018-04-30,True
2018-04-30 01:40:00,0.06666666666666667,pick and bat,2018-04-30 01:26:00,2018-04-30 01:44:00,14.066666666666666,1,1,4,2018-04-29 19:19:00,381.90000000000003,1,2018-04-30,True
2018-04-30 01:40:00,0.00121243905,bat and rat,2018-04-30 01:26:00,2018-04-30 01:44:00,13.333333333333334,1,0,4,2018-04-29 19:19:00,381.16666668,1,2018-04-30,True
2018-04-30 01:42:00,0.05,fast,2018-04-30 01:26:00,2018-04-30 01:44:00,15.416666666666666,0,1,4,2018-04-29 19:19:00,383.25,1,2018-04-30,True
2018-04-30 02:42:00,0.0015712854333333334,fast,2018-04-30 02:41:00,2018-04-30 02:55:00,1.05,0,1,4,2018-04-29 19:19:00,443.26666668,1,2018-04-30,True
2018-04-30 02:42:00,0.016666666666666666,fast,2018-04-30 02:41:00,2018-04-30 02:55:00,1.5166666666666666,0,1,4,2018-04-29 19:19:00,443.73333335999996,1,2018-04-30,True
2018-04-30 02:43:00,0.0003243763833333333,no food,2018-04-30 02:41:00,2018-04-30 02:55:00,2.3666666666666667,0,0,4,2018-04-29 19:19:00,444.58333332,1,2018-04-30,True
2018-04-30 02:43:00,0.11666666666666667,pick,2018-04-30 02:41:00,2018-04-30 02:55:00,2.7,0,1,4,2018-04-29 19:19:00,444.91666668,1,2018-04-30,True
2018-04-30 02:44:00,0.06666666666666667,fast,2018-04-30 02:41:00,2018-04-30 02:55:00,3.7,0,1,4,2018-04-29 19:19:00,445.91666664,1,2018-04-30,True
2018-04-30 02:44:00,0.0006310913666666666,fast,2018-04-30 02:41:00,2018-04-30 02:55:00,3.183333333333333,0,1,4,2018-04-29 19:19:00,445.39999998,1,2018-04-30,True
2018-04-30 02:46:00,0.0006304700833333332,bat and pick,2018-04-30 02:41:00,2018-04-30 02:55:00,4.85,1,1,4,2018-04-29 19:19:00,447.06666666,1,2018-04-30,True
2018-04-30 02:46:00,0.36666666666666664,bat and pick,2018-04-30 02:41:00,2018-04-30 02:55:00,4.8,1,1,4,2018-04-29 19:19:00,447.01666668,1,2018-04-30,True
2018-04-30 02:51:00,0.0005535435166666667,bat and pick,2018-04-30 02:41:00,2018-04-30 02:55:00,10.5,1,1,4,2018-04-29 19:19:00,452.71666668,1,2018-04-30,True
2018-04-30 02:51:00,0.00165144365,fast,2018-04-30 02:41:00,2018-04-30 02:55:00,10.4,0,1,4,2018-04-29 19:19:00,452.61666665999996,1,2018-04-30,True
2018-04-30 02:55:00,0.0016014015666666666,bat and rat,2018-04-30 02:41:00,2018-04-30 02:55:00,14.633333333333333,1,0,4,2018-04-29 19:19:00,456.85000002,1,2018-04-30,True
2018-04-30 03:53:00,0.11666666666666667,bat and pick,2018-04-30 03:43:00,2018-04-30 04:42:00,10.083333333333334,1,1,4,2018-04-29 19:19:00,514.96666668,1,2018-04-30,True
2018-04-30 03:54:00,0.1,pick,2018-04-30 03:43:00,2018-04-30 04:42:00,10.883333333333333,0,1,4,2018-04-29 19:19:00,515.76666666,1,2018-04-30,True
2018-04-30 21:15:00,0.03333333333333333,rat,2018-04-30 21:14:00,2018-04-30 21:16:00,0.6333333333333333,1,0,4,2018-04-30 19:20:00,115.58333334,1,2018-04-30,True
2018-04-30 21:16:00,0.03333333333333333,bats,2018-04-30 21:14:00,2018-04-30 21:16:00,1.8166666666666667,1,0,4,2018-04-30 19:20:00,116.76666666,1,2018-04-30,True
2018-04-30 21:33:00,0.06666666666666667,bat and pick,2018-04-30 21:28:00,2018-04-30 21:33:00,4.983333333333333,1,1,4,2018-04-30 19:20:00,133.63333332,1,2018-04-30,True
2018-04-30 22:09:00,0.06666666666666667,all pick,2018-04-30 22:08:00,2018-04-30 22:15:00,1.05,1,1,4,2018-04-30 19:20:00,169.95,1,2018-04-30,True
2018-04-30 22:11:00,0.1,bat fight,2018-04-30 22:08:00,2018-04-30 22:15:00,2.316666666666667,1,0,4,2018-04-30 19:20:00,171.21666666000002,1,2018-04-30,True
2018-04-30 22:12:00,0.18333333333333332,pick,2018-04-30 22:08:00,2018-04-30 22:15:00,3.8,0,1,4,2018-04-30 19:20:00,172.69999998,1,2018-04-30,True
2018-04-30 22:15:00,0.21666666666666667,bat,2018-04-30 22:08:00,2018-04-30 22:15:00,6.783333333333333,1,0,4,2018-04-30 19:20:00,175.68333336,1,2018-04-30,True
2018-04-30 22:40:00,0.06666666666666667,rat,2018-04-30 22:34:00,2018-04-30 22:40:00,5.983333333333333,1,0,4,2018-04-30 19:20:00,200.59999998,1,2018-04-30,True
2018-04-30 23:07:00,0.06666666666666667,pick,2018-04-30 23:07:00,2018-04-30 23:11:00,0.0,0,1,4,2018-04-30 19:20:00,227.21666664,1,2018-04-30,True
2018-04-30 23:29:00,0.06666666666666667,Other,2018-04-30 23:19:00,2018-04-30 23:32:00,10.15,1,1,4,2018-04-30 19:20:00,249.14999999999998,1,2018-04-30,True
2018-04-30 23:29:00,0.06666666666666667,bat fight,2018-04-30 23:19:00,2018-04-30 23:32:00,10.266666666666667,1,0,4,2018-04-30 19:20:00,249.26666664,1,2018-04-30,True
2018-04-30 23:29:00,0.15,bat fight,2018-04-30 23:19:00,2018-04-30 23:32:00,10.916666666666666,1,0,4,2018-04-30 19:20:00,249.91666668,1,2018-04-30,True
2018-04-30 23:30:00,0.18333333333333332,bat pick,2018-04-30 23:19:00,2018-04-30 23:32:00,11.416666666666666,1,1,4,2018-04-30 19:20:00,250.41666665999998,1,2018-04-30,True
2018-04-30 23:30:00,0.2,bat fight,2018-04-30 23:19:00,2018-04-30 23:32:00,11.216666666666667,1,0,4,2018-04-30 19:20:00,250.21666668,1,2018-04-30,True
2018-04-30 23:31:00,0.03333333333333333,fast,2018-04-30 23:19:00,2018-04-30 23:32:00,12.883333333333333,0,1,4,2018-04-30 19:20:00,251.88333336,1,2018-04-30,True
2018-05-01 00:06:00,0.06666666666666667,bat and rat,2018-05-01 00:06:00,2018-05-01 00:09:00,0.0,1,0,5,2018-04-30 19:20:00,286.16666664,1,2018-05-01,True
2018-05-01 00:06:00,0.06666666666666667,fast,2018-05-01 00:06:00,2018-05-01 00:09:00,0.26666666666666666,0,1,5,2018-04-30 19:20:00,286.43333334,1,2018-05-01,True
2018-05-01 00:06:00,0.31666666666666665,bat fight,2018-05-01 00:06:00,2018-05-01 00:09:00,0.6833333333333333,1,0,5,2018-04-30 19:20:00,286.84999998,1,2018-05-01,True
2018-05-01 00:07:00,0.016666666666666666,rat,2018-05-01 00:06:00,2018-05-01 00:09:00,1.0333333333333334,1,0,5,2018-04-30 19:20:00,287.20000002,1,2018-05-01,True
2018-05-01 00:07:00,0.06666666666666667,bat fight,2018-05-01 00:06:00,2018-05-01 00:09:00,0.8333333333333334,1,0,5,2018-04-30 19:20:00,286.99999998,1,2018-05-01,True
2018-05-01 00:08:00,0.23333333333333334,rat,2018-05-01 00:06:00,2018-05-01 00:09:00,2.2333333333333334,1,0,5,2018-04-30 19:20:00,288.40000002,1,2018-05-01,True
2018-05-01 00:09:00,0.06666666666666667,bat fight,2018-05-01 00:06:00,2018-05-01 00:09:00,3.25,1,0,5,2018-04-30 19:20:00,289.41666666,1,2018-05-01,True
2018-05-01 00:09:00,0.08333333333333333,pick,2018-05-01 00:06:00,2018-05-01 00:09:00,3.5,0,1,5,2018-04-30 19:20:00,289.66666668,1,2018-05-01,True
2018-05-01 00:29:00,0.0015860454666666668,fast,2018-05-01 00:28:00,2018-05-01 00:44:00,0.18333333333333332,0,1,5,2018-04-30 19:20:00,309.03333336,1,2018-05-01,True
2018-05-01 00:31:00,0.03333333333333333,fast,2018-05-01 00:28:00,2018-05-01 00:44:00,2.95,0,1,5,2018-04-30 19:20:00,311.80000001999997,1,2018-05-01,True
2018-05-01 00:32:00,0.05,fast,2018-05-01 00:28:00,2018-05-01 00:44:00,4.016666666666667,0,1,5,2018-04-30 19:20:00,312.86666664,1,2018-05-01,True
2018-05-01 00:32:00,0.06666666666666667,Other,2018-05-01 00:28:00,2018-05-01 00:44:00,3.316666666666667,1,1,5,2018-04-30 19:20:00,312.16666668,1,2018-05-01,True
2018-05-01 00:33:00,0.03333333333333333,fast,2018-05-01 00:28:00,2018-05-01 00:44:00,5.066666666666666,0,1,5,2018-04-30 19:20:00,313.91666664,1,2018-05-01,True
2018-05-01 00:33:00,0.0007060150166666667,fast,2018-05-01 00:28:00,2018-05-01 00:44:00,4.166666666666667,0,1,5,2018-04-30 19:20:00,313.01666664,1,2018-05-01,True
2018-05-01 00:33:00,0.03333333333333333,fast,2018-05-01 00:28:00,2018-05-01 00:44:00,4.516666666666667,0,1,5,2018-04-30 19:20:00,313.36666668000004,1,2018-05-01,True
2018-05-01 00:33:00,0.05,bat,2018-05-01 00:28:00,2018-05-01 00:44:00,4.6,1,0,5,2018-04-30 19:20:00,313.45000002,1,2018-05-01,True
2018-05-01 00:34:00,0.13333333333333333,bat and rat,2018-05-01 00:28:00,2018-05-01 00:44:00,5.866666666666666,1,0,5,2018-04-30 19:20:00,314.71666668,1,2018-05-01,True
2018-05-01 00:35:00,0.21666666666666667,fast,2018-05-01 00:28:00,2018-05-01 00:44:00,6.283333333333333,0,1,5,2018-04-30 19:20:00,315.13333332,1,2018-05-01,True
2018-05-01 00:36:00,0.06666666666666667,rat,2018-05-01 00:28:00,2018-05-01 00:44:00,7.633333333333334,1,0,5,2018-04-30 19:20:00,316.48333332000004,1,2018-05-01,True
2018-05-01 00:37:00,0.06666666666666667,bat and rat,2018-05-01 00:28:00,2018-05-01 00:44:00,8.583333333333334,1,0,5,2018-04-30 19:20:00,317.43333336,1,2018-05-01,True
2018-05-01 00:39:00,0.06666666666666667,bat,2018-05-01 00:28:00,2018-05-01 00:44:00,10.816666666666666,1,0,5,2018-04-30 19:20:00,319.66666668,1,2018-05-01,True
2018-05-01 00:41:00,0.06666666666666667,rat,2018-05-01 00:28:00,2018-05-01 00:44:00,12.216666666666667,1,0,5,2018-04-30 19:20:00,321.06666666,1,2018-05-01,True
2018-05-01 00:42:00,0.3,rat,2018-05-01 00:28:00,2018-05-01 00:44:00,13.65,1,0,5,2018-04-30 19:20:00,322.5,1,2018-05-01,True
2018-05-01 00:43:00,0.03333333333333333,fast,2018-05-01 00:28:00,2018-05-01 00:44:00,14.816666666666666,0,1,5,2018-04-30 19:20:00,323.66666664,1,2018-05-01,True
2018-05-01 00:44:00,0.06666666666666667,Other,2018-05-01 00:28:00,2018-05-01 00:44:00,15.3,1,0,5,2018-04-30 19:20:00,324.15,1,2018-05-01,True
2018-05-01 00:44:00,0.016666666666666666,fast,2018-05-01 00:28:00,2018-05-01 00:44:00,15.25,0,1,5,2018-04-30 19:20:00,324.10000002,1,2018-05-01,True
2018-05-01 00:44:00,0.06666666666666667,bat fight,2018-05-01 00:28:00,2018-05-01 00:44:00,15.633333333333333,1,0,5,2018-04-30 19:20:00,324.48333336,1,2018-05-01,True
2018-05-01 00:44:00,0.13333333333333333,bat fight,2018-05-01 00:28:00,2018-05-01 00:44:00,15.533333333333333,1,0,5,2018-04-30 19:20:00,324.38333334,1,2018-05-01,True
2018-05-01 02:33:00,0.03333333333333333,fast,2018-05-01 02:33:00,2018-05-01 02:37:00,0.016666666666666666,0,1,5,2018-04-30 19:20:00,433.86666665999996,1,2018-05-01,True
2018-05-01 03:31:00,0.06666666666666667,pick,2018-05-01 03:24:00,2018-05-01 03:33:00,6.433333333333334,0,1,5,2018-04-30 19:20:00,491.28333336000003,1,2018-05-01,True
2018-05-01 03:56:00,0.11666666666666667,rat,2018-05-01 03:52:00,2018-05-01 03:59:00,4.283333333333333,1,0,5,2018-04-30 19:20:00,516.51666666,1,2018-05-01,True
2018-05-01 03:57:00,0.06666666666666667,fast,2018-05-01 03:52:00,2018-05-01 03:59:00,4.916666666666667,0,1,5,2018-04-30 19:20:00,517.15000002,1,2018-05-01,True
2018-05-01 05:42:00,0.31666666666666665,Other,2018-05-01 05:40:00,2018-05-01 05:43:00,2.0833333333333335,1,1,5,2018-04-30 19:20:00,622.6333332,1,2018-05-01,True
2018-05-01 19:09:00,0.06666666666666667,pick,2018-05-01 18:58:00,2018-05-01 19:17:00,10.3,0,1,5,2018-05-01 19:21:00,-11.91666666,1,2018-05-01,True
2018-05-01 19:10:00,0.016666666666666666,fast,2018-05-01 18:58:00,2018-05-01 19:17:00,11.716666666666667,0,1,5,2018-05-01 19:21:00,-10.5,1,2018-05-01,True
2018-05-01 19:14:00,0.016666666666666666,fast,2018-05-01 18:58:00,2018-05-01 19:17:00,15.65,0,1,5,2018-05-01 19:21:00,-6.56666664,1,2018-05-01,True
2018-05-01 21:28:00,0.016666666666666666,fast,2018-05-01 21:27:00,2018-05-01 21:38:00,1.0333333333333334,0,1,5,2018-05-01 19:21:00,127.21666668,1,2018-05-01,True
2018-05-01 21:34:00,0.016666666666666666,fast,2018-05-01 21:27:00,2018-05-01 21:38:00,7.383333333333334,0,1,5,2018-05-01 19:21:00,133.56666665999998,1,2018-05-01,True
2018-05-01 22:11:00,0.06666666666666667,Other,2018-05-01 22:06:00,2018-05-01 22:11:00,4.583333333333333,0,0,5,2018-05-01 19:21:00,170.03333333999998,1,2018-05-01,True
2018-05-01 23:12:00,0.38333333333333336,pick,2018-05-01 23:08:00,2018-05-01 23:12:00,4.35,0,1,5,2018-05-01 19:21:00,231.51666666,1,2018-05-01,True
2018-05-01 23:56:00,0.16666666666666666,pick,2018-05-01 23:54:00,2018-05-02 00:00:00,2.1666666666666665,0,1,5,2018-05-01 19:21:00,275.56666668,1,2018-05-01,True
2018-05-02 00:47:00,0.31666666666666665,rat,2018-05-02 00:46:00,2018-05-02 00:58:00,0.2,1,0,5,2018-05-01 19:21:00,326.08333332,1,2018-05-02,True
2018-05-02 00:47:00,0.03333333333333333,pick,2018-05-02 00:46:00,2018-05-02 00:58:00,0.16666666666666666,0,1,5,2018-05-01 19:21:00,326.05000002,1,2018-05-02,True
2018-05-02 00:49:00,0.016666666666666666,fast,2018-05-02 00:46:00,2018-05-02 00:58:00,2.3666666666666667,0,1,5,2018-05-01 19:21:00,328.24999998,1,2018-05-02,True
2018-05-02 00:50:00,0.06666666666666667,Other,2018-05-02 00:46:00,2018-05-02 00:58:00,3.4,1,1,5,2018-05-01 19:21:00,329.28333336,1,2018-05-02,True
2018-05-02 00:51:00,0.03333333333333333,bat fight,2018-05-02 00:46:00,2018-05-02 00:58:00,4.216666666666667,1,0,5,2018-05-01 19:21:00,330.10000002000004,1,2018-05-02,True
2018-05-02 00:51:00,0.36666666666666664,bat fight,2018-05-02 00:46:00,2018-05-02 00:58:00,4.933333333333334,1,0,5,2018-05-01 19:21:00,330.81666666,1,2018-05-02,True
2018-05-02 00:51:00,0.1,bat and rat,2018-05-02 00:46:00,2018-05-02 00:58:00,4.666666666666667,1,0,5,2018-05-01 19:21:00,330.55000001999997,1,2018-05-02,True
2018-05-02 00:52:00,0.08333333333333333,Unknown,2018-05-02 00:46:00,2018-05-02 00:58:00,5.5,0,0,5,2018-05-01 19:21:00,331.38333336,1,2018-05-02,True
2018-05-02 00:53:00,0.36666666666666664,pick,2018-05-02 00:46:00,2018-05-02 00:58:00,6.8,0,1,5,2018-05-01 19:21:00,332.68333332,1,2018-05-02,True
2018-05-02 00:53:00,0.3333333333333333,Other,2018-05-02 00:46:00,2018-05-02 00:58:00,6.6,1,1,5,2018-05-01 19:21:00,332.48333334,1,2018-05-02,True
2018-05-02 00:54:00,0.11666666666666667,pick,2018-05-02 00:46:00,2018-05-02 00:58:00,7.216666666666667,0,1,5,2018-05-01 19:21:00,333.10000002,1,2018-05-02,True
2018-05-02 00:57:00,0.06666666666666667,rat,2018-05-02 00:46:00,2018-05-02 00:58:00,10.45,1,0,5,2018-05-01 19:21:00,336.33333336,1,2018-05-02,True
2018-05-02 01:35:00,0.03333333333333333,rat,2018-05-02 01:34:00,2018-05-02 01:36:00,1.65,1,0,5,2018-05-01 19:21:00,374.89999997999996,1,2018-05-02,True
2018-05-02 02:16:00,0.06666666666666667,all pick,2018-05-02 02:14:00,2018-05-02 02:24:00,2.2,1,1,5,2018-05-01 19:21:00,415.2,1,2018-05-02,True
2018-05-02 02:18:00,0.08333333333333333,Unknown,2018-05-02 02:14:00,2018-05-02 02:24:00,4.15,0,0,5,2018-05-01 19:21:00,417.15,1,2018-05-02,True
2018-05-02 02:20:00,0.00018118903333333336,bat,2018-05-02 02:14:00,2018-05-02 02:24:00,6.733333333333333,1,0,5,2018-05-01 19:21:00,419.73333336,1,2018-05-02,True
2018-05-02 02:21:00,0.06666666666666667,bat,2018-05-02 02:14:00,2018-05-02 02:24:00,7.483333333333333,1,0,5,2018-05-01 19:21:00,420.48333336,1,2018-05-02,True
2018-05-02 02:22:00,0.1,bat,2018-05-02 02:14:00,2018-05-02 02:24:00,8.016666666666667,1,0,5,2018-05-01 19:21:00,421.01666664,1,2018-05-02,True
2018-05-02 02:22:00,0.11666666666666667,bat,2018-05-02 02:14:00,2018-05-02 02:24:00,8.45,1,0,5,2018-05-01 19:21:00,421.45000002,1,2018-05-02,True
2018-05-02 02:52:00,0.06666666666666667,pick,2018-05-02 02:45:00,2018-05-02 02:52:00,6.566666666666666,0,1,5,2018-05-01 19:21:00,451.18333332000003,1,2018-05-02,True
2018-05-02 03:51:00,0.016666666666666666,fast,2018-05-02 03:50:00,2018-05-02 03:51:00,0.38333333333333336,0,1,5,2018-05-01 19:21:00,510.15,1,2018-05-02,True
2018-05-02 04:22:00,0.38333333333333336,rat pick,2018-05-02 04:14:00,2018-05-02 04:27:00,8.15,1,1,5,2018-05-01 19:21:00,541.56666666,1,2018-05-02,True
2018-05-02 05:09:00,0.00033220296666666666,fast,2018-05-02 05:07:00,2018-05-02 05:10:00,1.8333333333333333,0,1,5,2018-05-01 19:21:00,588.78333336,1,2018-05-02,True
2018-05-02 19:20:00,0.1,pick rat,2018-05-02 19:15:00,2018-05-02 19:26:00,4.333333333333333,1,1,5,2018-05-02 19:21:00,-0.9166666800000001,1,2018-05-02,True
2018-05-02 19:52:00,0.05,rat,2018-05-02 19:52:00,2018-05-02 19:55:00,0.15,1,0,5,2018-05-02 19:21:00,31.83333336,1,2018-05-02,True
2018-05-02 19:53:00,0.016666666666666666,rat,2018-05-02 19:52:00,2018-05-02 19:55:00,0.85,1,0,5,2018-05-02 19:21:00,32.533333320000004,1,2018-05-02,True
2018-05-02 19:55:00,0.016666666666666666,rat,2018-05-02 19:52:00,2018-05-02 19:55:00,2.433333333333333,1,0,5,2018-05-02 19:21:00,34.11666666,1,2018-05-02,True
2018-05-02 21:01:00,0.3,pick,2018-05-02 20:59:00,2018-05-02 21:06:00,1.4833333333333334,0,1,5,2018-05-02 19:21:00,100.23333336,1,2018-05-02,True
2018-05-02 21:01:00,0.016666666666666666,rat,2018-05-02 20:59:00,2018-05-02 21:06:00,2.066666666666667,1,0,5,2018-05-02 19:21:00,100.81666668,1,2018-05-02,True
2018-05-02 21:05:00,0.06666666666666667,rat,2018-05-02 20:59:00,2018-05-02 21:06:00,5.283333333333333,1,0,5,2018-05-02 19:21:00,104.03333334,1,2018-05-02,True
2018-05-02 22:00:00,0.06666666666666667,pick,2018-05-02 21:54:00,2018-05-02 22:01:00,5.8,0,1,5,2018-05-02 19:21:00,159.13333332,1,2018-05-02,True
2018-05-02 22:56:00,0.016666666666666666,fast,2018-05-02 22:51:00,2018-05-02 22:57:00,4.883333333333334,0,1,5,2018-05-02 19:21:00,215.56666668,1,2018-05-02,True
2018-05-02 23:13:00,0.26666666666666666,rat and pick,2018-05-02 23:13:00,2018-05-02 23:20:00,0.08333333333333333,1,1,5,2018-05-02 19:21:00,232.11666666,1,2018-05-02,True
2018-05-02 23:20:00,0.016666666666666666,fast,2018-05-02 23:13:00,2018-05-02 23:20:00,7.516666666666667,0,1,5,2018-05-02 19:21:00,239.55,1,2018-05-02,True
2018-05-02 23:20:00,0.03333333333333333,no food,2018-05-02 23:13:00,2018-05-02 23:20:00,7.466666666666667,0,0,5,2018-05-02 19:21:00,239.50000002000002,1,2018-05-02,True
2018-05-02 23:59:00,0.06666666666666667,pick,2018-05-02 23:53:00,2018-05-03 00:02:00,6.316666666666666,0,1,5,2018-05-02 19:21:00,278.58333336,1,2018-05-02,True
2018-05-03 03:29:00,0.21666666666666667,rat,2018-05-03 03:21:00,2018-05-03 03:33:00,7.55,1,0,5,2018-05-02 19:21:00,487.99999998,1,2018-05-03,True
2018-05-03 03:30:00,0.016666666666666666,rat and bat,2018-05-03 03:21:00,2018-05-03 03:33:00,9.433333333333334,1,0,5,2018-05-02 19:21:00,489.88333332,1,2018-05-03,True
2018-05-03 03:31:00,0.016666666666666666,fast,2018-05-03 03:21:00,2018-05-03 03:33:00,10.416666666666666,0,1,5,2018-05-02 19:21:00,490.86666665999996,1,2018-05-03,True
2018-05-03 03:51:00,0.3333333333333333,rat,2018-05-03 03:48:00,2018-05-03 03:53:00,2.283333333333333,1,0,5,2018-05-02 19:21:00,510.04999997999994,1,2018-05-03,True
2018-05-03 19:11:00,0.016666666666666666,rat,2018-05-03 18:58:00,2018-05-03 19:25:00,13.166666666666666,1,0,5,2018-05-03 19:22:00,-10.05,1,2018-05-03,True
2018-05-03 19:12:00,0.06666666666666667,rat and pick,2018-05-03 18:58:00,2018-05-03 19:25:00,14.066666666666666,1,1,5,2018-05-03 19:22:00,-9.15,1,2018-05-03,True
2018-05-03 19:14:00,0.06666666666666667,rat,2018-05-03 18:58:00,2018-05-03 19:25:00,15.5,1,0,5,2018-05-03 19:22:00,-7.71666666,1,2018-05-03,True
2018-05-03 20:18:00,0.03333333333333333,Other,2018-05-03 20:18:00,2018-05-03 20:18:00,0.7166666666666667,1,0,5,2018-05-03 19:22:00,56.95000002,1,2018-05-03,True
2018-05-03 20:58:00,0.0007056169833333333,rat,2018-05-03 20:57:00,2018-05-03 21:07:00,0.6666666666666666,1,0,5,2018-05-03 19:22:00,96.60000000000001,1,2018-05-03,True
2018-05-03 21:53:00,0.38333333333333336,Unknown,2018-05-03 21:50:00,2018-05-03 21:54:00,3.316666666666667,0,0,5,2018-05-03 19:22:00,151.66666668,1,2018-05-03,True
2018-05-03 23:49:00,0.36666666666666664,Other,2018-05-03 23:46:00,2018-05-03 23:52:00,3.3333333333333335,1,1,5,2018-05-03 19:22:00,267.61666668,1,2018-05-03,True
2018-05-03 23:50:00,0.06666666666666667,bat,2018-05-03 23:46:00,2018-05-03 23:52:00,4.333333333333333,1,0,5,2018-05-03 19:22:00,268.61666664,1,2018-05-03,True
2018-05-03 23:51:00,0.06666666666666667,pick,2018-05-03 23:46:00,2018-05-03 23:52:00,5.433333333333334,0,1,5,2018-05-03 19:22:00,269.71666668,1,2018-05-03,True
2018-05-03 23:51:00,0.03333333333333333,fast,2018-05-03 23:46:00,2018-05-03 23:52:00,5.65,0,1,5,2018-05-03 19:22:00,269.93333334,1,2018-05-03,True
2018-05-04 00:12:00,0.08333333333333333,rat,2018-05-04 00:09:00,2018-05-04 00:30:00,2.55,1,0,5,2018-05-03 19:22:00,290.03333334,1,2018-05-04,True
2018-05-04 00:22:00,0.3,rat,2018-05-04 00:09:00,2018-05-04 00:30:00,12.733333333333333,1,0,5,2018-05-03 19:22:00,300.21666666,1,2018-05-04,True
2018-05-04 00:22:00,0.3333333333333333,rat,2018-05-04 00:09:00,2018-05-04 00:30:00,12.9,1,0,5,2018-05-03 19:22:00,300.38333334000004,1,2018-05-04,True
2018-05-04 01:57:00,0.00030659258333333336,rat,2018-05-04 01:57:00,2018-05-04 02:07:00,0.15,1,0,5,2018-05-03 19:22:00,395.88333336,1,2018-05-04,True
2018-05-04 02:04:00,0.06666666666666667,fast,2018-05-04 01:57:00,2018-05-04 02:07:00,6.416666666666667,0,1,5,2018-05-03 19:22:00,402.15,1,2018-05-04,True
2018-05-04 02:06:00,0.06666666666666667,fast,2018-05-04 01:57:00,2018-05-04 02:07:00,8.65,0,1,5,2018-05-03 19:22:00,404.38333332,1,2018-05-04,True
2018-05-04 02:06:00,0.18333333333333332,bat,2018-05-04 01:57:00,2018-05-04 02:07:00,8.416666666666666,1,0,5,2018-05-03 19:22:00,404.14999998,1,2018-05-04,True
2018-05-04 02:06:00,0.16666666666666666,pick,2018-05-04 01:57:00,2018-05-04 02:07:00,9.25,0,1,5,2018-05-03 19:22:00,404.98333332,1,2018-05-04,True
2018-05-04 02:57:00,0.06666666666666667,bat fight,2018-05-04 02:55:00,2018-05-04 03:14:00,1.7666666666666666,1,0,5,2018-05-03 19:22:00,455.68333332,1,2018-05-04,True
2018-05-04 02:58:00,0.16666666666666666,bat fight,2018-05-04 02:55:00,2018-05-04 03:14:00,2.3666666666666667,1,0,5,2018-05-03 19:22:00,456.28333332,1,2018-05-04,True
2018-05-04 02:58:00,0.06666666666666667,all pick,2018-05-04 02:55:00,2018-05-04 03:14:00,2.6166666666666667,1,1,5,2018-05-03 19:22:00,456.53333334,1,2018-05-04,True
2018-05-04 02:58:00,0.016666666666666666,fast,2018-05-04 02:55:00,2018-05-04 03:14:00,2.7333333333333334,0,1,5,2018-05-03 19:22:00,456.64999998,1,2018-05-04,True
2018-05-04 03:00:00,0.08333333333333333,pick,2018-05-04 02:55:00,2018-05-04 03:14:00,4.133333333333334,0,1,5,2018-05-03 19:22:00,458.05000001999997,1,2018-05-04,True
2018-05-04 03:02:00,0.06666666666666667,all pick,2018-05-04 02:55:00,2018-05-04 03:14:00,6.583333333333333,1,1,5,2018-05-03 19:22:00,460.5,1,2018-05-04,True
2018-05-04 03:03:00,0.06666666666666667,rat,2018-05-04 02:55:00,2018-05-04 03:14:00,8.066666666666666,1,0,5,2018-05-03 19:22:00,461.98333332,1,2018-05-04,True
2018-05-04 03:05:00,0.0010372249833333334,fast,2018-05-04 02:55:00,2018-05-04 03:14:00,9.116666666666667,0,1,5,2018-05-03 19:22:00,463.03333332,1,2018-05-04,True
2018-05-04 03:05:00,0.1,pick bat,2018-05-04 02:55:00,2018-05-04 03:14:00,9.883333333333333,1,1,5,2018-05-03 19:22:00,463.8,1,2018-05-04,True
2018-05-04 03:06:00,0.13333333333333333,pick,2018-05-04 02:55:00,2018-05-04 03:14:00,10.333333333333334,0,1,5,2018-05-03 19:22:00,464.25,1,2018-05-04,True
2018-05-04 03:06:00,0.08333333333333333,rat,2018-05-04 02:55:00,2018-05-04 03:14:00,10.6,1,0,5,2018-05-03 19:22:00,464.51666664,1,2018-05-04,True
2018-05-04 03:09:00,0.13333333333333333,rat,2018-05-04 02:55:00,2018-05-04 03:14:00,13.5,1,0,5,2018-05-03 19:22:00,467.41666668,1,2018-05-04,True
2018-05-04 03:20:00,0.06666666666666667,rat,2018-05-04 03:20:00,2018-05-04 03:21:00,0.38333333333333336,1,0,5,2018-05-03 19:22:00,478.88333334,1,2018-05-04,True
2018-05-04 04:18:00,0.03333333333333333,rat,2018-05-04 04:14:00,2018-05-04 04:30:00,3.7333333333333334,1,0,5,2018-05-03 19:22:00,535.99999998,1,2018-05-04,True
2018-05-04 04:18:00,0.016666666666666666,fast,2018-05-04 04:14:00,2018-05-04 04:30:00,4.583333333333333,0,1,5,2018-05-03 19:22:00,536.85,1,2018-05-04,True
2018-05-04 04:19:00,0.36666666666666664,pick,2018-05-04 04:14:00,2018-05-04 04:30:00,5.166666666666667,0,1,5,2018-05-03 19:22:00,537.43333332,1,2018-05-04,True
2018-05-04 05:39:00,0.06666666666666667,pick rat,2018-05-04 05:37:00,2018-05-04 06:10:00,2.3833333333333333,1,1,5,2018-05-03 19:22:00,617.8499999999999,1,2018-05-04,True
2018-05-04 20:25:00,0.1,rat,2018-05-04 20:24:00,2018-05-04 20:25:00,0.9,1,0,5,2018-05-04 19:23:00,62.65000002,1,2018-05-04,True
2018-05-04 20:44:00,0.16666666666666666,pick,2018-05-04 20:39:00,2018-05-04 21:04:00,4.583333333333333,0,1,5,2018-05-04 19:23:00,81.18333335999999,1,2018-05-04,True
2018-05-04 20:50:00,0.2833333333333333,pick rat,2018-05-04 20:39:00,2018-05-04 21:04:00,10.75,1,1,5,2018-05-04 19:23:00,87.34999997999999,1,2018-05-04,True
2018-05-04 22:26:00,0.06666666666666667,rat pick,2018-05-04 22:24:00,2018-05-04 22:26:00,2.183333333333333,1,1,5,2018-05-04 19:23:00,183.63333336000002,1,2018-05-04,True
2018-05-04 22:33:00,0.016666666666666666,fast,2018-05-04 22:32:00,2018-05-04 22:34:00,0.7166666666666667,0,1,5,2018-05-04 19:23:00,190.61666664,1,2018-05-04,True
2018-05-04 22:33:00,0.13333333333333333,pick,2018-05-04 22:32:00,2018-05-04 22:34:00,0.4666666666666667,0,1,5,2018-05-04 19:23:00,190.36666668,1,2018-05-04,True
2018-05-04 23:36:00,0.26666666666666666,rat,2018-05-04 23:33:00,2018-05-04 23:36:00,2.783333333333333,1,0,5,2018-05-04 19:23:00,253.56666665999998,1,2018-05-04,True
2018-05-05 00:43:00,0.06666666666666667,pick,2018-05-05 00:41:00,2018-05-05 00:43:00,1.7833333333333334,0,1,5,2018-05-04 19:23:00,320.23333332000004,1,2018-05-05,True
2018-05-05 01:02:00,0.23333333333333334,rat,2018-05-05 00:50:00,2018-05-05 01:11:00,11.583333333333334,1,0,5,2018-05-04 19:23:00,339.53333334,1,2018-05-05,True
2018-05-05 01:03:00,0.31666666666666665,pick,2018-05-05 00:50:00,2018-05-05 01:11:00,12.766666666666667,0,1,5,2018-05-04 19:23:00,340.71666666000004,1,2018-05-05,True
2018-05-05 02:02:00,0.03333333333333333,fast,2018-05-05 02:02:00,2018-05-05 02:07:00,0.21666666666666667,0,1,5,2018-05-04 19:23:00,399.48333336,1,2018-05-05,True
2018-05-05 02:05:00,0.06666666666666667,rat pick,2018-05-05 02:02:00,2018-05-05 02:07:00,2.8666666666666667,1,1,5,2018-05-04 19:23:00,402.13333331999996,1,2018-05-05,True
2018-05-05 02:06:00,0.03333333333333333,fast,2018-05-05 02:02:00,2018-05-05 02:07:00,3.8833333333333333,0,1,5,2018-05-04 19:23:00,403.15000002,1,2018-05-05,True
2018-05-05 02:46:00,0.016666666666666666,fast,2018-05-05 02:45:00,2018-05-05 02:47:00,1.35,0,1,5,2018-05-04 19:23:00,443.53333332,1,2018-05-05,True
2018-05-05 03:25:00,0.016666666666666666,rat,2018-05-05 03:22:00,2018-05-05 03:29:00,2.9833333333333334,1,0,5,2018-05-04 19:23:00,482.63333334,1,2018-05-05,True
2018-05-05 03:26:00,0.3,rat,2018-05-05 03:22:00,2018-05-05 03:29:00,3.95,1,0,5,2018-05-04 19:23:00,483.6,1,2018-05-05,True
2018-05-05 03:49:00,0.06666666666666667,pick,2018-05-05 03:47:00,2018-05-05 03:49:00,1.95,0,1,5,2018-05-04 19:23:00,506.51666664000004,1,2018-05-05,True
2018-05-05 04:40:00,0.06666666666666667,rat,2018-05-05 04:31:00,2018-05-05 04:49:00,8.95,1,0,5,2018-05-04 19:23:00,557.35000002,1,2018-05-05,True
2018-05-05 21:59:00,0.23333333333333334,rat,2018-05-05 21:55:00,2018-05-05 22:09:00,4.4,1,0,5,2018-05-05 19:24:00,155.74999997999998,1,2018-05-05,True
2018-05-05 22:09:00,0.0010115202833333333,Unknown,2018-05-05 21:55:00,2018-05-05 22:09:00,14.366666666666667,0,0,5,2018-05-05 19:24:00,165.71666664,1,2018-05-05,True
2018-05-05 22:49:00,0.25,rat,2018-05-05 22:48:00,2018-05-05 22:49:00,1.5,1,0,5,2018-05-05 19:24:00,205.53333336,1,2018-05-05,True
2018-05-05 22:55:00,0.38333333333333336,rat,2018-05-05 22:54:00,2018-05-05 23:00:00,0.7333333333333333,1,0,5,2018-05-05 19:24:00,211.36666668,1,2018-05-05,True
2018-05-05 23:26:00,0.016666666666666666,fast,2018-05-05 23:25:00,2018-05-05 23:26:00,1.0333333333333334,0,1,5,2018-05-05 19:24:00,242.93333334,1,2018-05-05,True
2018-05-06 01:58:00,0.05,rat,2018-05-06 01:56:00,2018-05-06 02:10:00,1.9666666666666666,1,0,5,2018-05-05 19:24:00,394.90000002,1,2018-05-06,True
2018-05-06 01:58:00,0.016666666666666666,rat,2018-05-06 01:56:00,2018-05-06 02:10:00,1.9333333333333333,1,0,5,2018-05-05 19:24:00,394.86666666,1,2018-05-06,True
2018-05-06 02:00:00,0.45,Other,2018-05-06 01:56:00,2018-05-06 02:10:00,3.5,1,0,5,2018-05-05 19:24:00,396.43333332,1,2018-05-06,True
2018-05-06 02:00:00,0.26666666666666666,bat fight,2018-05-06 01:56:00,2018-05-06 02:10:00,3.3666666666666667,1,0,5,2018-05-05 19:24:00,396.3,1,2018-05-06,True
2018-05-06 02:01:00,0.0015385906333333333,rat,2018-05-06 01:56:00,2018-05-06 02:10:00,4.5,1,0,5,2018-05-05 19:24:00,397.43333334,1,2018-05-06,True
2018-05-06 02:07:00,0.26666666666666666,rat,2018-05-06 01:56:00,2018-05-06 02:10:00,10.95,1,0,5,2018-05-05 19:24:00,403.88333334,1,2018-05-06,True
2018-05-06 02:09:00,0.08333333333333333,rat,2018-05-06 01:56:00,2018-05-06 02:10:00,13.05,1,0,5,2018-05-05 19:24:00,405.98333334,1,2018-05-06,True
2018-05-06 03:16:00,0.2,pick bat,2018-05-06 03:10:00,2018-05-06 03:16:00,6.283333333333333,1,1,5,2018-05-05 19:24:00,472.31666664,1,2018-05-06,True
2018-05-06 03:39:00,0.016666666666666666,rat,2018-05-06 03:30:00,2018-05-06 03:46:00,9.283333333333333,1,0,5,2018-05-05 19:24:00,495.83333334,1,2018-05-06,True
2018-05-06 03:39:00,0.016666666666666666,fast,2018-05-06 03:30:00,2018-05-06 03:46:00,8.933333333333334,0,1,5,2018-05-05 19:24:00,495.48333336,1,2018-05-06,True
2018-05-06 03:40:00,0.03333333333333333,fast,2018-05-06 03:30:00,2018-05-06 03:46:00,9.683333333333334,0,1,5,2018-05-05 19:24:00,496.23333335999996,1,2018-05-06,True
2018-05-06 03:42:00,0.0014880516666666667,Unknown,2018-05-06 03:30:00,2018-05-06 03:46:00,12.15,0,0,5,2018-05-05 19:24:00,498.70000002000006,1,2018-05-06,True
2018-05-06 03:42:00,0.2,rat,2018-05-06 03:30:00,2018-05-06 03:46:00,12.016666666666667,1,0,5,2018-05-05 19:24:00,498.56666664,1,2018-05-06,True
2018-05-06 03:42:00,0.016666666666666666,fast,2018-05-06 03:30:00,2018-05-06 03:46:00,12.216666666666667,0,1,5,2018-05-05 19:24:00,498.76666667999996,1,2018-05-06,True
2018-05-06 03:42:00,0.05,fast,2018-05-06 03:30:00,2018-05-06 03:46:00,12.283333333333333,0,1,5,2018-05-05 19:24:00,498.83333333999997,1,2018-05-06,True
2018-05-06 03:43:00,0.06666666666666667,rat pick,2018-05-06 03:30:00,2018-05-06 03:46:00,13.366666666666667,1,1,5,2018-05-05 19:24:00,499.91666663999996,1,2018-05-06,True
2018-05-06 03:46:00,0.016666666666666666,fast,2018-05-06 03:30:00,2018-05-06 03:46:00,15.583333333333334,0,1,5,2018-05-05 19:24:00,502.13333334000004,1,2018-05-06,True
2018-05-06 04:32:00,0.06666666666666667,Other,2018-05-06 04:29:00,2018-05-06 04:32:00,3.1333333333333333,1,0,5,2018-05-05 19:24:00,548.31666666,1,2018-05-06,True
2018-05-06 05:07:00,0.016666666666666666,fast,2018-05-06 04:54:00,2018-05-06 05:11:00,12.283333333333333,0,1,5,2018-05-05 19:24:00,583.03333332,1,2018-05-06,True
2018-05-06 05:07:00,0.08333333333333333,rat,2018-05-06 04:54:00,2018-05-06 05:11:00,12.6,1,0,5,2018-05-05 19:24:00,583.35,1,2018-05-06,True
2018-05-06 05:08:00,0.13333333333333333,pick,2018-05-06 04:54:00,2018-05-06 05:11:00,13.466666666666667,0,1,5,2018-05-05 19:24:00,584.2166666400001,1,2018-05-06,True
2018-05-06 05:08:00,0.18333333333333332,Unknown,2018-05-06 04:54:00,2018-05-06 05:11:00,14.083333333333334,0,0,5,2018-05-05 19:24:00,584.83333332,1,2018-05-06,True
2018-05-06 05:09:00,0.3,Unknown,2018-05-06 04:54:00,2018-05-06 05:11:00,14.35,0,0,5,2018-05-05 19:24:00,585.10000002,1,2018-05-06,True
2018-05-06 05:09:00,0.1,Unknown,2018-05-06 04:54:00,2018-05-06 05:11:00,14.7,0,0,5,2018-05-05 19:24:00,585.45,1,2018-05-06,True
2018-05-06 05:28:00,0.31666666666666665,rat,2018-05-06 05:26:00,2018-05-06 05:28:00,1.5166666666666666,1,0,5,2018-05-05 19:24:00,604.2499998,1,2018-05-06,True
2018-05-06 23:55:00,0.06666666666666667,rat,2018-05-06 23:44:00,2018-05-06 23:55:00,10.483333333333333,1,0,5,2018-05-06 19:24:00,271.13333334000004,1,2018-05-06,True
2018-05-07 02:28:00,0.08333333333333333,Unknown,2018-05-07 02:27:00,2018-05-07 02:39:00,0.75,0,0,5,2018-05-06 19:24:00,424.06666668,1,2018-05-07,True
2018-05-07 03:16:00,0.16666666666666666,bat fight,2018-05-07 03:12:00,2018-05-07 03:16:00,3.9,1,0,5,2018-05-06 19:24:00,472.24999998,1,2018-05-07,True
2018-05-07 03:16:00,0.06666666666666667,Other,2018-05-07 03:12:00,2018-05-07 03:16:00,3.683333333333333,1,0,5,2018-05-06 19:24:00,472.03333332,1,2018-05-07,True
2018-05-07 03:45:00,0.38333333333333336,rat,2018-05-07 03:38:00,2018-05-07 03:54:00,7.05,1,0,5,2018-05-06 19:24:00,501.15,1,2018-05-07,True
2018-05-07 04:28:00,0.03333333333333333,rat,2018-05-07 04:25:00,2018-05-07 04:36:00,2.6333333333333333,1,0,5,2018-05-06 19:24:00,544.3666666800001,1,2018-05-07,True
2018-05-07 04:29:00,0.06666666666666667,rat pick,2018-05-07 04:25:00,2018-05-07 04:36:00,4.2,1,1,5,2018-05-06 19:24:00,545.93333334,1,2018-05-07,True
2018-05-07 04:29:00,0.08333333333333333,other bats,2018-05-07 04:25:00,2018-05-07 04:36:00,3.3833333333333333,1,0,5,2018-05-06 19:24:00,545.11666668,1,2018-05-07,True
2018-05-07 04:44:00,0.06666666666666667,rat,2018-05-07 04:43:00,2018-05-07 04:46:00,1.8,1,0,5,2018-05-06 19:24:00,560.85,1,2018-05-07,True
2018-05-07 05:32:00,0.16666666666666666,pick,2018-05-07 05:30:00,2018-05-07 05:42:00,2.4833333333333334,0,1,5,2018-05-06 19:24:00,608.7499998000001,1,2018-05-07,True
2018-05-07 05:33:00,0.03333333333333333,rat,2018-05-07 05:30:00,2018-05-07 05:42:00,3.1166666666666667,1,0,5,2018-05-06 19:24:00,609.3833334000001,1,2018-05-07,True
2018-05-08 01:03:00,0.06666666666666667,rat,2018-05-08 01:02:00,2018-05-08 01:03:00,1.3,1,0,5,2018-05-07 19:25:00,338.65000002,1,2018-05-08,True
2018-05-08 02:33:00,0.03333333333333333,fast,2018-05-08 02:33:00,2018-05-08 02:35:00,0.8,0,1,5,2018-05-07 19:25:00,428.86666668,1,2018-05-08,True
2018-05-08 02:35:00,0.08333333333333333,rat,2018-05-08 02:33:00,2018-05-08 02:35:00,2.683333333333333,1,0,5,2018-05-07 19:25:00,430.75000001999996,1,2018-05-08,True
2018-05-08 02:35:00,0.11666666666666667,pick,2018-05-08 02:33:00,2018-05-08 02:35:00,2.05,0,1,5,2018-05-07 19:25:00,430.11666665999996,1,2018-05-08,True
2018-05-09 01:39:00,0.06666666666666667,pick,2018-05-09 01:35:00,2018-05-09 01:39:00,3.8333333333333335,0,1,5,2018-05-08 19:26:00,373.38333336,1,2018-05-09,True
2018-05-09 02:33:00,0.05,Other,2018-05-09 02:33:00,2018-05-09 02:39:00,0.16666666666666666,1,0,5,2018-05-08 19:26:00,427.36666668,1,2018-05-09,True
2018-05-09 02:34:00,0.03333333333333333,fast,2018-05-09 02:33:00,2018-05-09 02:39:00,1.0166666666666666,0,1,5,2018-05-08 19:26:00,428.21666664,1,2018-05-09,True
2018-05-09 02:35:00,0.016666666666666666,fast,2018-05-09 02:33:00,2018-05-09 02:39:00,2.2,0,1,5,2018-05-08 19:26:00,429.40000002,1,2018-05-09,True
2018-05-09 02:35:00,0.06666666666666667,pick,2018-05-09 02:33:00,2018-05-09 02:39:00,2.283333333333333,0,1,5,2018-05-08 19:26:00,429.48333336,1,2018-05-09,True
2018-05-09 02:35:00,0.08333333333333333,pick,2018-05-09 02:33:00,2018-05-09 02:39:00,2.4,0,1,5,2018-05-08 19:26:00,429.6,1,2018-05-09,True
2018-05-09 02:38:00,0.35,pick,2018-05-09 02:33:00,2018-05-09 02:39:00,5.3,0,1,5,2018-05-08 19:26:00,432.49999998,1,2018-05-09,True
2018-05-09 02:39:00,0.38333333333333336,pick,2018-05-09 02:33:00,2018-05-09 02:39:00,6.3,0,1,5,2018-05-08 19:26:00,433.5,1,2018-05-09,True
2018-05-09 02:39:00,0.11666666666666667,pick,2018-05-09 02:33:00,2018-05-09 02:39:00,6.116666666666666,0,1,5,2018-05-08 19:26:00,433.31666664,1,2018-05-09,True
2018-05-09 03:23:00,0.016666666666666666,fast,2018-05-09 03:21:00,2018-05-09 03:30:00,1.3,0,1,5,2018-05-08 19:26:00,477.23333334,1,2018-05-09,True
2018-05-09 03:29:00,0.13333333333333333,rat,2018-05-09 03:21:00,2018-05-09 03:30:00,8.05,1,0,5,2018-05-08 19:26:00,483.98333334000006,1,2018-05-09,True
2018-05-09 03:30:00,0.13333333333333333,rat,2018-05-09 03:21:00,2018-05-09 03:30:00,8.833333333333334,1,0,5,2018-05-08 19:26:00,484.76666664,1,2018-05-09,True
2018-05-10 03:13:00,0.05,fast,2018-05-10 03:13:00,2018-05-10 03:17:00,0.5166666666666667,0,1,5,2018-05-09 19:26:00,467.65000002,1,2018-05-10,True
2018-05-10 04:44:00,0.05,rat,2018-05-10 04:43:00,2018-05-10 04:48:00,0.48333333333333334,1,0,5,2018-05-09 19:26:00,558.06666666,1,2018-05-10,True
2018-05-10 04:44:00,0.06666666666666667,rat and pick,2018-05-10 04:43:00,2018-05-10 04:48:00,1.1,1,1,5,2018-05-09 19:26:00,558.68333334,1,2018-05-10,True
2018-05-10 22:09:00,0.06666666666666667,fast,2018-05-10 22:08:00,2018-05-10 22:13:00,0.25,0,1,5,2018-05-10 19:27:00,162.13333332,1,2018-05-10,True
2018-05-10 22:10:00,0.016666666666666666,fast,2018-05-10 22:08:00,2018-05-10 22:13:00,1.75,0,1,5,2018-05-10 19:27:00,163.63333332,1,2018-05-10,True
2018-05-10 22:12:00,0.4,rat,2018-05-10 22:08:00,2018-05-10 22:13:00,3.8,1,0,5,2018-05-10 19:27:00,165.68333334,1,2018-05-10,True
2018-05-10 22:12:00,0.11666666666666667,rat,2018-05-10 22:08:00,2018-05-10 22:13:00,3.6333333333333333,1,0,5,2018-05-10 19:27:00,165.51666666,1,2018-05-10,True
2018-05-10 23:57:00,0.36666666666666664,rat,2018-05-10 23:55:00,2018-05-11 00:02:00,1.45,1,0,5,2018-05-10 19:27:00,270.34999998,1,2018-05-10,True
2018-05-11 02:12:00,0.16666666666666666,Unknown,2018-05-11 02:10:00,2018-05-11 02:12:00,1.5166666666666666,0,0,5,2018-05-10 19:27:00,405.23333334,1,2018-05-11,True
2018-05-11 02:45:00,0.03333333333333333,rat,2018-05-11 02:35:00,2018-05-11 02:47:00,10.45,1,0,5,2018-05-10 19:27:00,438.88333332,1,2018-05-11,True
2018-05-11 02:46:00,0.35,pick and rat,2018-05-11 02:35:00,2018-05-11 02:47:00,11.166666666666666,1,1,5,2018-05-10 19:27:00,439.60000002,1,2018-05-11,True
2018-05-11 02:47:00,0.13333333333333333,pick and rat,2018-05-11 02:35:00,2018-05-11 02:47:00,11.75,1,1,5,2018-05-10 19:27:00,440.18333334,1,2018-05-11,True
2018-05-11 04:30:00,0.13333333333333333,rat,2018-05-11 04:25:00,2018-05-11 04:36:00,5.516666666666667,1,0,5,2018-05-10 19:27:00,543.56666664,1,2018-05-11,True
2018-05-13 22:40:00,0.13333333333333333,rat pick,2018-05-13 22:38:00,2018-05-13 22:40:00,1.9666666666666666,1,1,5,2018-05-13 19:29:00,191.65000002000002,1,2018-05-13,True
2018-05-14 00:10:00,0.06666666666666667,Unknown,2018-05-14 00:10:00,2018-05-14 00:31:00,0.7166666666666667,0,0,5,2018-05-13 19:29:00,281.76666666,1,2018-05-14,True
2018-05-14 01:24:00,0.43333333333333335,bat,2018-05-14 01:16:00,2018-05-14 01:30:00,8.033333333333333,1,0,5,2018-05-13 19:29:00,355.75000001999996,1,2018-05-14,True
2018-05-14 03:36:00,0.23333333333333334,fast,2018-05-14 03:34:00,2018-05-14 03:45:00,2.3333333333333335,0,1,5,2018-05-13 19:29:00,487.91666664,1,2018-05-14,True
2018-05-14 05:42:00,0.06666666666666667,bat,2018-05-14 05:41:00,2018-05-14 05:43:00,0.18333333333333332,1,0,5,2018-05-13 19:29:00,613.1166665999999,1,2018-05-14,True
2018-05-17 03:26:00,0.23333333333333334,rat,2018-05-17 03:24:00,2018-05-17 03:26:00,1.85,1,0,5,2018-05-16 19:31:00,475.08333336,1,2018-05-17,True
2018-05-17 19:16:00,0.00114540405,Unknown,2018-05-17 19:14:00,2018-05-17 19:16:00,2.0166666666666666,0,0,5,2018-05-17 19:32:00,-15.700000020000001,1,2018-05-17,True
2018-05-17 22:46:00,0.15,rat,2018-05-17 22:41:00,2018-05-17 22:48:00,4.2,1,0,5,2018-05-17 19:32:00,194.14999998,1,2018-05-17,True
2018-05-17 22:46:00,0.016666666666666666,fast,2018-05-17 22:41:00,2018-05-17 22:48:00,4.116666666666666,0,1,5,2018-05-17 19:32:00,194.06666664000002,1,2018-05-17,True
2018-05-17 22:48:00,0.06666666666666667,rat pick,2018-05-17 22:41:00,2018-05-17 22:48:00,6.383333333333334,1,1,5,2018-05-17 19:32:00,196.33333332,1,2018-05-17,True
2018-05-17 23:49:00,0.05,bat and rat,2018-05-17 23:49:00,2018-05-17 23:58:00,0.4666666666666667,1,0,5,2018-05-17 19:32:00,257.95000002,1,2018-05-17,True
2018-05-17 23:50:00,0.016666666666666666,rat,2018-05-17 23:49:00,2018-05-17 23:58:00,0.9,1,0,5,2018-05-17 19:32:00,258.38333334,1,2018-05-17,True
2018-05-17 23:55:00,0.18333333333333332,Other,2018-05-17 23:49:00,2018-05-17 23:58:00,5.8,1,0,5,2018-05-17 19:32:00,263.28333336000003,1,2018-05-17,True
2018-05-17 23:55:00,0.06666666666666667,rat,2018-05-17 23:49:00,2018-05-17 23:58:00,6.3,1,0,5,2018-05-17 19:32:00,263.78333334,1,2018-05-17,True
2018-05-17 23:58:00,0.26666666666666666,rat pick,2018-05-17 23:49:00,2018-05-17 23:58:00,8.816666666666666,1,1,5,2018-05-17 19:32:00,266.29999998,1,2018-05-17,True
2018-05-18 05:04:00,0.016666666666666666,Unknown,2018-05-18 05:03:00,2018-05-18 05:04:00,0.38333333333333336,0,0,5,2018-05-17 19:32:00,572.25,1,2018-05-18,True
2018-05-19 22:08:00,0.06666666666666667,rat pick,2018-05-19 22:06:00,2018-05-19 22:08:00,2.1,1,1,5,2018-05-19 19:33:00,155.63333334,1,2018-05-19,True
2018-05-20 02:50:00,0.26666666666666666,Unknown,2018-05-20 02:48:00,2018-05-20 02:51:00,2.5166666666666666,0,0,5,2018-05-19 19:33:00,437.98333332,1,2018-05-20,True
2018-05-20 21:52:00,0.13333333333333333,rat,2018-05-20 21:42:00,2018-05-20 22:11:00,10.4,1,0,5,2018-05-20 19:34:00,138.66666666,1,2018-05-20,True
2018-05-21 00:49:00,0.016666666666666666,Unknown,2018-05-21 00:48:00,2018-05-21 00:57:00,0.35,0,0,5,2018-05-20 19:34:00,315.19999998,1,2018-05-21,True
2018-05-21 00:53:00,0.06666666666666667,Other,2018-05-21 00:48:00,2018-05-21 00:57:00,5.0,1,0,5,2018-05-20 19:34:00,319.84999998,1,2018-05-21,True
2018-05-21 00:56:00,0.06666666666666667,rat pick,2018-05-21 00:48:00,2018-05-21 00:57:00,7.583333333333333,1,1,5,2018-05-20 19:34:00,322.43333334,1,2018-05-21,True
2018-05-21 02:54:00,0.43333333333333335,rat pick,2018-05-21 02:49:00,2018-05-21 02:57:00,4.516666666666667,1,1,5,2018-05-20 19:34:00,440.33333333999997,1,2018-05-21,True
2018-05-21 02:54:00,0.11666666666666667,Unknown,2018-05-21 02:49:00,2018-05-21 02:57:00,5.1,0,0,5,2018-05-20 19:34:00,440.91666666000003,1,2018-05-21,True
2018-05-21 02:57:00,0.06666666666666667,Other,2018-05-21 02:49:00,2018-05-21 02:57:00,7.583333333333333,1,0,5,2018-05-20 19:34:00,443.4,1,2018-05-21,True
2018-05-21 23:09:00,0.00103839685,Unknown,2018-05-21 23:09:00,2018-05-21 23:09:00,0.25,0,0,5,2018-05-21 19:35:00,214.45000002,1,2018-05-21,True
2018-05-21 23:19:00,0.06666666666666667,bat pick,2018-05-21 23:17:00,2018-05-21 23:20:00,1.9333333333333333,1,1,5,2018-05-21 19:35:00,224.16666666,1,2018-05-21,True
2018-05-31 23:34:00,0.06666666666666667,Unknown,2018-05-31 23:31:00,2018-05-31 23:34:00,2.216666666666667,0,0,5,2018-05-31 19:41:00,233.14999998,1,2018-05-31,True
